Location,Year,Feature,Record count,Missing count,Missing percentage
Adelaide,2008,Sunshine,184,4,2.1739
Adelaide,2008,Evaporation,184,55,29.8913
Adelaide,2008,Cloud9am,184,184,100.0
Adelaide,2008,Cloud3pm,184,184,100.0
Adelaide,2008,Pressure9am,184,1,0.5435
Adelaide,2008,Pressure3pm,184,0,0.0
Adelaide,2008,WindDir9am,184,5,2.7174
Adelaide,2008,WindGustDir,184,4,2.1739
Adelaide,2008,WindGustSpeed,184,4,2.1739
Adelaide,2009,Sunshine,365,6,1.6438
Adelaide,2009,Evaporation,365,109,29.863
Adelaide,2009,Cloud9am,365,365,100.0
Adelaide,2009,Cloud3pm,365,365,100.0
Adelaide,2009,Pressure9am,365,1,0.274
Adelaide,2009,Pressure3pm,365,1,0.274
Adelaide,2009,WindDir9am,365,21,5.7534
Adelaide,2009,WindGustDir,365,4,1.0959
Adelaide,2009,WindGustSpeed,365,4,1.0959
Adelaide,2010,Sunshine,365,16,4.3836
Adelaide,2010,Evaporation,365,114,31.2329
Adelaide,2010,Cloud9am,365,365,100.0
Adelaide,2010,Cloud3pm,365,365,100.0
Adelaide,2010,Pressure9am,365,0,0.0
Adelaide,2010,Pressure3pm,365,2,0.5479
Adelaide,2010,WindDir9am,365,35,9.589
Adelaide,2010,WindGustDir,365,3,0.8219
Adelaide,2010,WindGustSpeed,365,3,0.8219
Adelaide,2011,Sunshine,335,4,1.194
Adelaide,2011,Evaporation,335,101,30.1493
Adelaide,2011,Cloud9am,335,335,100.0
Adelaide,2011,Cloud3pm,335,335,100.0
Adelaide,2011,Pressure9am,335,0,0.0
Adelaide,2011,Pressure3pm,335,0,0.0
Adelaide,2011,WindDir9am,335,18,5.3731
Adelaide,2011,WindGustDir,335,3,0.8955
Adelaide,2011,WindGustSpeed,335,3,0.8955
Adelaide,2012,Sunshine,335,230,68.6567
Adelaide,2012,Evaporation,335,101,30.1493
Adelaide,2012,Cloud9am,335,335,100.0
Adelaide,2012,Cloud3pm,335,335,100.0
Adelaide,2012,Pressure9am,335,1,0.2985
Adelaide,2012,Pressure3pm,335,0,0.0
Adelaide,2012,WindDir9am,335,33,9.8507
Adelaide,2012,WindGustDir,335,2,0.597
Adelaide,2012,WindGustSpeed,335,2,0.597
Adelaide,2013,Sunshine,337,9,2.6706
Adelaide,2013,Evaporation,337,103,30.5638
Adelaide,2013,Cloud9am,337,337,100.0
Adelaide,2013,Cloud3pm,337,337,100.0
Adelaide,2013,Pressure9am,337,0,0.0
Adelaide,2013,Pressure3pm,337,0,0.0
Adelaide,2013,WindDir9am,337,20,5.9347
Adelaide,2013,WindGustDir,337,0,0.0
Adelaide,2013,WindGustSpeed,337,0,0.0
Adelaide,2014,Sunshine,365,248,67.9452
Adelaide,2014,Evaporation,365,114,31.2329
Adelaide,2014,Cloud9am,365,365,100.0
Adelaide,2014,Cloud3pm,365,365,100.0
Adelaide,2014,Pressure9am,365,0,0.0
Adelaide,2014,Pressure3pm,365,0,0.0
Adelaide,2014,WindDir9am,365,27,7.3973
Adelaide,2014,WindGustDir,365,0,0.0
Adelaide,2014,WindGustSpeed,365,0,0.0
Adelaide,2015,Sunshine,365,365,100.0
Adelaide,2015,Evaporation,365,250,68.4932
Adelaide,2015,Cloud9am,365,365,100.0
Adelaide,2015,Cloud3pm,365,365,100.0
Adelaide,2015,Pressure9am,365,5,1.3699
Adelaide,2015,Pressure3pm,365,4,1.0959
Adelaide,2015,WindDir9am,365,40,10.9589
Adelaide,2015,WindGustDir,365,5,1.3699
Adelaide,2015,WindGustSpeed,365,5,1.3699
Adelaide,2016,Sunshine,366,366,100.0
Adelaide,2016,Evaporation,366,366,100.0
Adelaide,2016,Cloud9am,366,366,100.0
Adelaide,2016,Cloud3pm,366,366,100.0
Adelaide,2016,Pressure9am,366,0,0.0
Adelaide,2016,Pressure3pm,366,0,0.0
Adelaide,2016,WindDir9am,366,41,11.2022
Adelaide,2016,WindGustDir,366,0,0.0
Adelaide,2016,WindGustSpeed,366,0,0.0
Adelaide,2017,Sunshine,176,176,100.0
Adelaide,2017,Evaporation,176,176,100.0
Adelaide,2017,Cloud9am,176,176,100.0
Adelaide,2017,Cloud3pm,176,176,100.0
Adelaide,2017,Pressure9am,176,0,0.0
Adelaide,2017,Pressure3pm,176,0,0.0
Adelaide,2017,WindDir9am,176,34,19.3182
Adelaide,2017,WindGustDir,176,5,2.8409
Adelaide,2017,WindGustSpeed,176,5,2.8409
Albany,2008,Sunshine,31,0,0.0
Albany,2008,Evaporation,31,0,0.0
Albany,2008,Cloud9am,31,0,0.0
Albany,2008,Cloud3pm,31,1,3.2258
Albany,2008,Pressure9am,31,0,0.0
Albany,2008,Pressure3pm,31,0,0.0
Albany,2008,WindDir9am,31,0,0.0
Albany,2008,WindGustDir,31,31,100.0
Albany,2008,WindGustSpeed,31,31,100.0
Albany,2009,Sunshine,365,4,1.0959
Albany,2009,Evaporation,365,0,0.0
Albany,2009,Cloud9am,365,1,0.274
Albany,2009,Cloud3pm,365,3,0.8219
Albany,2009,Pressure9am,365,2,0.5479
Albany,2009,Pressure3pm,365,1,0.274
Albany,2009,WindDir9am,365,39,10.6849
Albany,2009,WindGustDir,365,365,100.0
Albany,2009,WindGustSpeed,365,365,100.0
Albany,2010,Sunshine,365,2,0.5479
Albany,2010,Evaporation,365,5,1.3699
Albany,2010,Cloud9am,365,0,0.0
Albany,2010,Cloud3pm,365,0,0.0
Albany,2010,Pressure9am,365,5,1.3699
Albany,2010,Pressure3pm,365,3,0.8219
Albany,2010,WindDir9am,365,15,4.1096
Albany,2010,WindGustDir,365,365,100.0
Albany,2010,WindGustSpeed,365,365,100.0
Albany,2011,Sunshine,335,2,0.597
Albany,2011,Evaporation,335,0,0.0
Albany,2011,Cloud9am,335,0,0.0
Albany,2011,Cloud3pm,335,0,0.0
Albany,2011,Pressure9am,335,1,0.2985
Albany,2011,Pressure3pm,335,0,0.0
Albany,2011,WindDir9am,335,47,14.0299
Albany,2011,WindGustDir,335,335,100.0
Albany,2011,WindGustSpeed,335,335,100.0
Albany,2012,Sunshine,335,25,7.4627
Albany,2012,Evaporation,335,22,6.5672
Albany,2012,Cloud9am,335,1,0.2985
Albany,2012,Cloud3pm,335,3,0.8955
Albany,2012,Pressure9am,335,13,3.8806
Albany,2012,Pressure3pm,335,14,4.1791
Albany,2012,WindDir9am,335,15,4.4776
Albany,2012,WindGustDir,335,335,100.0
Albany,2012,WindGustSpeed,335,335,100.0
Albany,2013,Sunshine,337,18,5.3412
Albany,2013,Evaporation,337,9,2.6706
Albany,2013,Cloud9am,337,2,0.5935
Albany,2013,Cloud3pm,337,2,0.5935
Albany,2013,Pressure9am,337,0,0.0
Albany,2013,Pressure3pm,337,1,0.2967
Albany,2013,WindDir9am,337,14,4.1543
Albany,2013,WindGustDir,337,337,100.0
Albany,2013,WindGustSpeed,337,337,100.0
Albany,2014,Sunshine,365,0,0.0
Albany,2014,Evaporation,365,1,0.274
Albany,2014,Cloud9am,365,5,1.3699
Albany,2014,Cloud3pm,365,4,1.0959
Albany,2014,Pressure9am,365,0,0.0
Albany,2014,Pressure3pm,365,0,0.0
Albany,2014,WindDir9am,365,26,7.1233
Albany,2014,WindGustDir,365,365,100.0
Albany,2014,WindGustSpeed,365,365,100.0
Albany,2015,Sunshine,365,18,4.9315
Albany,2015,Evaporation,365,8,2.1918
Albany,2015,Cloud9am,365,5,1.3699
Albany,2015,Cloud3pm,365,156,42.7397
Albany,2015,Pressure9am,365,1,0.274
Albany,2015,Pressure3pm,365,2,0.5479
Albany,2015,WindDir9am,365,43,11.7808
Albany,2015,WindGustDir,365,365,100.0
Albany,2015,WindGustSpeed,365,365,100.0
Albany,2016,Sunshine,366,275,75.1366
Albany,2016,Evaporation,366,104,28.4153
Albany,2016,Cloud9am,366,9,2.459
Albany,2016,Cloud3pm,366,366,100.0
Albany,2016,Pressure9am,366,0,0.0
Albany,2016,Pressure3pm,366,0,0.0
Albany,2016,WindDir9am,366,18,4.918
Albany,2016,WindGustDir,366,366,100.0
Albany,2016,WindGustSpeed,366,366,100.0
Albany,2017,Sunshine,176,176,100.0
Albany,2017,Evaporation,176,141,80.1136
Albany,2017,Cloud9am,176,15,8.5227
Albany,2017,Cloud3pm,176,176,100.0
Albany,2017,Pressure9am,176,3,1.7045
Albany,2017,Pressure3pm,176,4,2.2727
Albany,2017,WindDir9am,176,30,17.0455
Albany,2017,WindGustDir,176,176,100.0
Albany,2017,WindGustSpeed,176,176,100.0
Albury,2008,Sunshine,31,31,100.0
Albury,2008,Evaporation,31,31,100.0
Albury,2008,Cloud9am,31,20,64.5161
Albury,2008,Cloud3pm,31,19,61.2903
Albury,2008,Pressure9am,31,0,0.0
Albury,2008,Pressure3pm,31,0,0.0
Albury,2008,WindDir9am,31,2,6.4516
Albury,2008,WindGustDir,31,1,3.2258
Albury,2008,WindGustSpeed,31,1,3.2258
Albury,2009,Sunshine,365,365,100.0
Albury,2009,Evaporation,365,365,100.0
Albury,2009,Cloud9am,365,242,66.3014
Albury,2009,Cloud3pm,365,236,64.6575
Albury,2009,Pressure9am,365,0,0.0
Albury,2009,Pressure3pm,365,0,0.0
Albury,2009,WindDir9am,365,64,17.5342
Albury,2009,WindGustDir,365,3,0.8219
Albury,2009,WindGustSpeed,365,3,0.8219
Albury,2010,Sunshine,365,365,100.0
Albury,2010,Evaporation,365,365,100.0
Albury,2010,Cloud9am,365,197,53.9726
Albury,2010,Cloud3pm,365,189,51.7808
Albury,2010,Pressure9am,365,0,0.0
Albury,2010,Pressure3pm,365,0,0.0
Albury,2010,WindDir9am,365,68,18.6301
Albury,2010,WindGustDir,365,8,2.1918
Albury,2010,WindGustSpeed,365,8,2.1918
Albury,2011,Sunshine,335,335,100.0
Albury,2011,Evaporation,335,335,100.0
Albury,2011,Cloud9am,335,224,66.8657
Albury,2011,Cloud3pm,335,237,70.7463
Albury,2011,Pressure9am,335,3,0.8955
Albury,2011,Pressure3pm,335,6,1.791
Albury,2011,WindDir9am,335,67,20.0
Albury,2011,WindGustDir,335,9,2.6866
Albury,2011,WindGustSpeed,335,9,2.6866
Albury,2012,Sunshine,335,335,100.0
Albury,2012,Evaporation,335,335,100.0
Albury,2012,Cloud9am,335,184,54.9254
Albury,2012,Cloud3pm,335,154,45.9701
Albury,2012,Pressure9am,335,0,0.0
Albury,2012,Pressure3pm,335,0,0.0
Albury,2012,WindDir9am,335,73,21.791
Albury,2012,WindGustDir,335,3,0.8955
Albury,2012,WindGustSpeed,335,3,0.8955
Albury,2013,Sunshine,337,337,100.0
Albury,2013,Evaporation,337,337,100.0
Albury,2013,Cloud9am,337,206,61.1276
Albury,2013,Cloud3pm,337,180,53.4125
Albury,2013,Pressure9am,337,0,0.0
Albury,2013,Pressure3pm,337,1,0.2967
Albury,2013,WindDir9am,337,49,14.5401
Albury,2013,WindGustDir,337,3,0.8902
Albury,2013,WindGustSpeed,337,3,0.8902
Albury,2014,Sunshine,365,365,100.0
Albury,2014,Evaporation,365,365,100.0
Albury,2014,Cloud9am,365,188,51.5068
Albury,2014,Cloud3pm,365,174,47.6712
Albury,2014,Pressure9am,365,2,0.5479
Albury,2014,Pressure3pm,365,1,0.274
Albury,2014,WindDir9am,365,60,16.4384
Albury,2014,WindGustDir,365,5,1.3699
Albury,2014,WindGustSpeed,365,5,1.3699
Albury,2015,Sunshine,365,365,100.0
Albury,2015,Evaporation,365,365,100.0
Albury,2015,Cloud9am,365,192,52.6027
Albury,2015,Cloud3pm,365,164,44.9315
Albury,2015,Pressure9am,365,0,0.0
Albury,2015,Pressure3pm,365,0,0.0
Albury,2015,WindDir9am,365,51,13.9726
Albury,2015,WindGustDir,365,0,0.0
Albury,2015,WindGustSpeed,365,0,0.0
Albury,2016,Sunshine,366,366,100.0
Albury,2016,Evaporation,366,366,100.0
Albury,2016,Cloud9am,366,192,52.459
Albury,2016,Cloud3pm,366,146,39.8907
Albury,2016,Pressure9am,366,0,0.0
Albury,2016,Pressure3pm,366,0,0.0
Albury,2016,WindDir9am,366,59,16.1202
Albury,2016,WindGustDir,366,0,0.0
Albury,2016,WindGustSpeed,366,0,0.0
Albury,2017,Sunshine,176,176,100.0
Albury,2017,Evaporation,176,176,100.0
Albury,2017,Cloud9am,176,106,60.2273
Albury,2017,Cloud3pm,176,114,64.7727
Albury,2017,Pressure9am,176,0,0.0
Albury,2017,Pressure3pm,176,0,0.0
Albury,2017,WindDir9am,176,32,18.1818
Albury,2017,WindGustDir,176,0,0.0
Albury,2017,WindGustSpeed,176,0,0.0
AliceSprings,2008,Sunshine,31,0,0.0
AliceSprings,2008,Evaporation,31,0,0.0
AliceSprings,2008,Cloud9am,31,0,0.0
AliceSprings,2008,Cloud3pm,31,0,0.0
AliceSprings,2008,Pressure9am,31,0,0.0
AliceSprings,2008,Pressure3pm,31,0,0.0
AliceSprings,2008,WindDir9am,31,1,3.2258
AliceSprings,2008,WindGustDir,31,0,0.0
AliceSprings,2008,WindGustSpeed,31,0,0.0
AliceSprings,2009,Sunshine,365,7,1.9178
AliceSprings,2009,Evaporation,365,4,1.0959
AliceSprings,2009,Cloud9am,365,3,0.8219
AliceSprings,2009,Cloud3pm,365,11,3.0137
AliceSprings,2009,Pressure9am,365,0,0.0
AliceSprings,2009,Pressure3pm,365,0,0.0
AliceSprings,2009,WindDir9am,365,29,7.9452
AliceSprings,2009,WindGustDir,365,4,1.0959
AliceSprings,2009,WindGustSpeed,365,4,1.0959
AliceSprings,2010,Sunshine,365,24,6.5753
AliceSprings,2010,Evaporation,365,8,2.1918
AliceSprings,2010,Cloud9am,365,7,1.9178
AliceSprings,2010,Cloud3pm,365,20,5.4795
AliceSprings,2010,Pressure9am,365,0,0.0
AliceSprings,2010,Pressure3pm,365,1,0.274
AliceSprings,2010,WindDir9am,365,23,6.3014
AliceSprings,2010,WindGustDir,365,13,3.5616
AliceSprings,2010,WindGustSpeed,365,13,3.5616
AliceSprings,2011,Sunshine,335,4,1.194
AliceSprings,2011,Evaporation,335,2,0.597
AliceSprings,2011,Cloud9am,335,6,1.791
AliceSprings,2011,Cloud3pm,335,17,5.0746
AliceSprings,2011,Pressure9am,335,0,0.0
AliceSprings,2011,Pressure3pm,335,0,0.0
AliceSprings,2011,WindDir9am,335,21,6.2687
AliceSprings,2011,WindGustDir,335,20,5.9701
AliceSprings,2011,WindGustSpeed,335,20,5.9701
AliceSprings,2012,Sunshine,335,13,3.8806
AliceSprings,2012,Evaporation,335,5,1.4925
AliceSprings,2012,Cloud9am,335,4,1.194
AliceSprings,2012,Cloud3pm,335,16,4.7761
AliceSprings,2012,Pressure9am,335,0,0.0
AliceSprings,2012,Pressure3pm,335,1,0.2985
AliceSprings,2012,WindDir9am,335,19,5.6716
AliceSprings,2012,WindGustDir,335,5,1.4925
AliceSprings,2012,WindGustSpeed,335,5,1.4925
AliceSprings,2013,Sunshine,337,6,1.7804
AliceSprings,2013,Evaporation,337,3,0.8902
AliceSprings,2013,Cloud9am,337,5,1.4837
AliceSprings,2013,Cloud3pm,337,17,5.0445
AliceSprings,2013,Pressure9am,337,0,0.0
AliceSprings,2013,Pressure3pm,337,0,0.0
AliceSprings,2013,WindDir9am,337,31,9.1988
AliceSprings,2013,WindGustDir,337,1,0.2967
AliceSprings,2013,WindGustSpeed,337,1,0.2967
AliceSprings,2014,Sunshine,365,13,3.5616
AliceSprings,2014,Evaporation,365,7,1.9178
AliceSprings,2014,Cloud9am,365,6,1.6438
AliceSprings,2014,Cloud3pm,365,12,3.2877
AliceSprings,2014,Pressure9am,365,1,0.274
AliceSprings,2014,Pressure3pm,365,1,0.274
AliceSprings,2014,WindDir9am,365,28,7.6712
AliceSprings,2014,WindGustDir,365,0,0.0
AliceSprings,2014,WindGustSpeed,365,0,0.0
AliceSprings,2015,Sunshine,365,12,3.2877
AliceSprings,2015,Evaporation,365,5,1.3699
AliceSprings,2015,Cloud9am,365,5,1.3699
AliceSprings,2015,Cloud3pm,365,10,2.7397
AliceSprings,2015,Pressure9am,365,0,0.0
AliceSprings,2015,Pressure3pm,365,0,0.0
AliceSprings,2015,WindDir9am,365,36,9.863
AliceSprings,2015,WindGustDir,365,0,0.0
AliceSprings,2015,WindGustSpeed,365,0,0.0
AliceSprings,2016,Sunshine,366,265,72.4044
AliceSprings,2016,Evaporation,366,81,22.1311
AliceSprings,2016,Cloud9am,366,161,43.9891
AliceSprings,2016,Cloud3pm,366,138,37.7049
AliceSprings,2016,Pressure9am,366,0,0.0
AliceSprings,2016,Pressure3pm,366,0,0.0
AliceSprings,2016,WindDir9am,366,22,6.0109
AliceSprings,2016,WindGustDir,366,4,1.0929
AliceSprings,2016,WindGustSpeed,366,4,1.0929
AliceSprings,2017,Sunshine,176,176,100.0
AliceSprings,2017,Evaporation,176,100,56.8182
AliceSprings,2017,Cloud9am,176,137,77.8409
AliceSprings,2017,Cloud3pm,176,120,68.1818
AliceSprings,2017,Pressure9am,176,0,0.0
AliceSprings,2017,Pressure3pm,176,0,0.0
AliceSprings,2017,WindDir9am,176,20,11.3636
AliceSprings,2017,WindGustDir,176,4,2.2727
AliceSprings,2017,WindGustSpeed,176,4,2.2727
BadgerysCreek,2009,Sunshine,365,365,100.0
BadgerysCreek,2009,Evaporation,365,365,100.0
BadgerysCreek,2009,Cloud9am,365,365,100.0
BadgerysCreek,2009,Cloud3pm,365,365,100.0
BadgerysCreek,2009,Pressure9am,365,1,0.274
BadgerysCreek,2009,Pressure3pm,365,6,1.6438
BadgerysCreek,2009,WindDir9am,365,73,20.0
BadgerysCreek,2009,WindGustDir,365,2,0.5479
BadgerysCreek,2009,WindGustSpeed,365,2,0.5479
BadgerysCreek,2010,Sunshine,365,365,100.0
BadgerysCreek,2010,Evaporation,365,365,100.0
BadgerysCreek,2010,Cloud9am,365,365,100.0
BadgerysCreek,2010,Cloud3pm,365,365,100.0
BadgerysCreek,2010,Pressure9am,365,15,4.1096
BadgerysCreek,2010,Pressure3pm,365,15,4.1096
BadgerysCreek,2010,WindDir9am,365,87,23.8356
BadgerysCreek,2010,WindGustDir,365,31,8.4932
BadgerysCreek,2010,WindGustSpeed,365,31,8.4932
BadgerysCreek,2011,Sunshine,335,335,100.0
BadgerysCreek,2011,Evaporation,335,335,100.0
BadgerysCreek,2011,Cloud9am,335,335,100.0
BadgerysCreek,2011,Cloud3pm,335,335,100.0
BadgerysCreek,2011,Pressure9am,335,0,0.0
BadgerysCreek,2011,Pressure3pm,335,3,0.8955
BadgerysCreek,2011,WindDir9am,335,38,11.3433
BadgerysCreek,2011,WindGustDir,335,5,1.4925
BadgerysCreek,2011,WindGustSpeed,335,5,1.4925
BadgerysCreek,2012,Sunshine,335,335,100.0
BadgerysCreek,2012,Evaporation,335,335,100.0
BadgerysCreek,2012,Cloud9am,335,335,100.0
BadgerysCreek,2012,Cloud3pm,335,335,100.0
BadgerysCreek,2012,Pressure9am,335,0,0.0
BadgerysCreek,2012,Pressure3pm,335,0,0.0
BadgerysCreek,2012,WindDir9am,335,40,11.9403
BadgerysCreek,2012,WindGustDir,335,2,0.597
BadgerysCreek,2012,WindGustSpeed,335,2,0.597
BadgerysCreek,2013,Sunshine,337,337,100.0
BadgerysCreek,2013,Evaporation,337,337,100.0
BadgerysCreek,2013,Cloud9am,337,337,100.0
BadgerysCreek,2013,Cloud3pm,337,337,100.0
BadgerysCreek,2013,Pressure9am,337,0,0.0
BadgerysCreek,2013,Pressure3pm,337,0,0.0
BadgerysCreek,2013,WindDir9am,337,48,14.2433
BadgerysCreek,2013,WindGustDir,337,0,0.0
BadgerysCreek,2013,WindGustSpeed,337,0,0.0
BadgerysCreek,2014,Sunshine,365,365,100.0
BadgerysCreek,2014,Evaporation,365,365,100.0
BadgerysCreek,2014,Cloud9am,365,365,100.0
BadgerysCreek,2014,Cloud3pm,365,365,100.0
BadgerysCreek,2014,Pressure9am,365,2,0.5479
BadgerysCreek,2014,Pressure3pm,365,2,0.5479
BadgerysCreek,2014,WindDir9am,365,45,12.3288
BadgerysCreek,2014,WindGustDir,365,5,1.3699
BadgerysCreek,2014,WindGustSpeed,365,5,1.3699
BadgerysCreek,2015,Sunshine,365,365,100.0
BadgerysCreek,2015,Evaporation,365,365,100.0
BadgerysCreek,2015,Cloud9am,365,365,100.0
BadgerysCreek,2015,Cloud3pm,365,365,100.0
BadgerysCreek,2015,Pressure9am,365,134,36.7123
BadgerysCreek,2015,Pressure3pm,365,132,36.1644
BadgerysCreek,2015,WindDir9am,365,38,10.411
BadgerysCreek,2015,WindGustDir,365,10,2.7397
BadgerysCreek,2015,WindGustSpeed,365,10,2.7397
BadgerysCreek,2016,Sunshine,366,366,100.0
BadgerysCreek,2016,Evaporation,366,366,100.0
BadgerysCreek,2016,Cloud9am,366,366,100.0
BadgerysCreek,2016,Cloud3pm,366,366,100.0
BadgerysCreek,2016,Pressure9am,366,16,4.3716
BadgerysCreek,2016,Pressure3pm,366,15,4.0984
BadgerysCreek,2016,WindDir9am,366,49,13.388
BadgerysCreek,2016,WindGustDir,366,19,5.1913
BadgerysCreek,2016,WindGustSpeed,366,19,5.1913
BadgerysCreek,2017,Sunshine,176,176,100.0
BadgerysCreek,2017,Evaporation,176,176,100.0
BadgerysCreek,2017,Cloud9am,176,176,100.0
BadgerysCreek,2017,Cloud3pm,176,176,100.0
BadgerysCreek,2017,Pressure9am,176,0,0.0
BadgerysCreek,2017,Pressure3pm,176,0,0.0
BadgerysCreek,2017,WindDir9am,176,17,9.6591
BadgerysCreek,2017,WindGustDir,176,2,1.1364
BadgerysCreek,2017,WindGustSpeed,176,2,1.1364
Ballarat,2008,Sunshine,31,31,100.0
Ballarat,2008,Evaporation,31,31,100.0
Ballarat,2008,Cloud9am,31,0,0.0
Ballarat,2008,Cloud3pm,31,10,32.2581
Ballarat,2008,Pressure9am,31,0,0.0
Ballarat,2008,Pressure3pm,31,0,0.0
Ballarat,2008,WindDir9am,31,0,0.0
Ballarat,2008,WindGustDir,31,0,0.0
Ballarat,2008,WindGustSpeed,31,0,0.0
Ballarat,2009,Sunshine,365,365,100.0
Ballarat,2009,Evaporation,365,365,100.0
Ballarat,2009,Cloud9am,365,5,1.3699
Ballarat,2009,Cloud3pm,365,170,46.5753
Ballarat,2009,Pressure9am,365,8,2.1918
Ballarat,2009,Pressure3pm,365,7,1.9178
Ballarat,2009,WindDir9am,365,15,4.1096
Ballarat,2009,WindGustDir,365,5,1.3699
Ballarat,2009,WindGustSpeed,365,5,1.3699
Ballarat,2010,Sunshine,365,365,100.0
Ballarat,2010,Evaporation,365,365,100.0
Ballarat,2010,Cloud9am,365,3,0.8219
Ballarat,2010,Cloud3pm,365,107,29.3151
Ballarat,2010,Pressure9am,365,3,0.8219
Ballarat,2010,Pressure3pm,365,7,1.9178
Ballarat,2010,WindDir9am,365,15,4.1096
Ballarat,2010,WindGustDir,365,1,0.274
Ballarat,2010,WindGustSpeed,365,1,0.274
Ballarat,2011,Sunshine,335,335,100.0
Ballarat,2011,Evaporation,335,335,100.0
Ballarat,2011,Cloud9am,335,2,0.597
Ballarat,2011,Cloud3pm,335,131,39.1045
Ballarat,2011,Pressure9am,335,4,1.194
Ballarat,2011,Pressure3pm,335,5,1.4925
Ballarat,2011,WindDir9am,335,8,2.3881
Ballarat,2011,WindGustDir,335,16,4.7761
Ballarat,2011,WindGustSpeed,335,16,4.7761
Ballarat,2012,Sunshine,335,335,100.0
Ballarat,2012,Evaporation,335,335,100.0
Ballarat,2012,Cloud9am,335,39,11.6418
Ballarat,2012,Cloud3pm,335,124,37.0149
Ballarat,2012,Pressure9am,335,1,0.2985
Ballarat,2012,Pressure3pm,335,0,0.0
Ballarat,2012,WindDir9am,335,10,2.9851
Ballarat,2012,WindGustDir,335,3,0.8955
Ballarat,2012,WindGustSpeed,335,3,0.8955
Ballarat,2013,Sunshine,337,337,100.0
Ballarat,2013,Evaporation,337,337,100.0
Ballarat,2013,Cloud9am,337,132,39.1691
Ballarat,2013,Cloud3pm,337,123,36.4985
Ballarat,2013,Pressure9am,337,0,0.0
Ballarat,2013,Pressure3pm,337,0,0.0
Ballarat,2013,WindDir9am,337,9,2.6706
Ballarat,2013,WindGustDir,337,0,0.0
Ballarat,2013,WindGustSpeed,337,0,0.0
Ballarat,2014,Sunshine,365,365,100.0
Ballarat,2014,Evaporation,365,365,100.0
Ballarat,2014,Cloud9am,365,127,34.7945
Ballarat,2014,Cloud3pm,365,125,34.2466
Ballarat,2014,Pressure9am,365,0,0.0
Ballarat,2014,Pressure3pm,365,0,0.0
Ballarat,2014,WindDir9am,365,11,3.0137
Ballarat,2014,WindGustDir,365,2,0.5479
Ballarat,2014,WindGustSpeed,365,2,0.5479
Ballarat,2015,Sunshine,365,365,100.0
Ballarat,2015,Evaporation,365,365,100.0
Ballarat,2015,Cloud9am,365,99,27.1233
Ballarat,2015,Cloud3pm,365,107,29.3151
Ballarat,2015,Pressure9am,365,8,2.1918
Ballarat,2015,Pressure3pm,365,7,1.9178
Ballarat,2015,WindDir9am,365,11,3.0137
Ballarat,2015,WindGustDir,365,1,0.274
Ballarat,2015,WindGustSpeed,365,1,0.274
Ballarat,2016,Sunshine,366,366,100.0
Ballarat,2016,Evaporation,366,366,100.0
Ballarat,2016,Cloud9am,366,77,21.0383
Ballarat,2016,Cloud3pm,366,94,25.6831
Ballarat,2016,Pressure9am,366,0,0.0
Ballarat,2016,Pressure3pm,366,0,0.0
Ballarat,2016,WindDir9am,366,6,1.6393
Ballarat,2016,WindGustDir,366,2,0.5464
Ballarat,2016,WindGustSpeed,366,2,0.5464
Ballarat,2017,Sunshine,176,176,100.0
Ballarat,2017,Evaporation,176,176,100.0
Ballarat,2017,Cloud9am,176,62,35.2273
Ballarat,2017,Cloud3pm,176,57,32.3864
Ballarat,2017,Pressure9am,176,0,0.0
Ballarat,2017,Pressure3pm,176,0,0.0
Ballarat,2017,WindDir9am,176,6,3.4091
Ballarat,2017,WindGustDir,176,1,0.5682
Ballarat,2017,WindGustSpeed,176,1,0.5682
Bendigo,2008,Sunshine,31,31,100.0
Bendigo,2008,Evaporation,31,0,0.0
Bendigo,2008,Cloud9am,31,0,0.0
Bendigo,2008,Cloud3pm,31,0,0.0
Bendigo,2008,Pressure9am,31,0,0.0
Bendigo,2008,Pressure3pm,31,0,0.0
Bendigo,2008,WindDir9am,31,0,0.0
Bendigo,2008,WindGustDir,31,1,3.2258
Bendigo,2008,WindGustSpeed,31,1,3.2258
Bendigo,2009,Sunshine,365,365,100.0
Bendigo,2009,Evaporation,365,0,0.0
Bendigo,2009,Cloud9am,365,3,0.8219
Bendigo,2009,Cloud3pm,365,3,0.8219
Bendigo,2009,Pressure9am,365,0,0.0
Bendigo,2009,Pressure3pm,365,1,0.274
Bendigo,2009,WindDir9am,365,19,5.2055
Bendigo,2009,WindGustDir,365,9,2.4658
Bendigo,2009,WindGustSpeed,365,9,2.4658
Bendigo,2010,Sunshine,365,365,100.0
Bendigo,2010,Evaporation,365,62,16.9863
Bendigo,2010,Cloud9am,365,2,0.5479
Bendigo,2010,Cloud3pm,365,2,0.5479
Bendigo,2010,Pressure9am,365,9,2.4658
Bendigo,2010,Pressure3pm,365,6,1.6438
Bendigo,2010,WindDir9am,365,32,8.7671
Bendigo,2010,WindGustDir,365,6,1.6438
Bendigo,2010,WindGustSpeed,365,6,1.6438
Bendigo,2011,Sunshine,335,335,100.0
Bendigo,2011,Evaporation,335,247,73.7313
Bendigo,2011,Cloud9am,335,0,0.0
Bendigo,2011,Cloud3pm,335,2,0.597
Bendigo,2011,Pressure9am,335,1,0.2985
Bendigo,2011,Pressure3pm,335,1,0.2985
Bendigo,2011,WindDir9am,335,22,6.5672
Bendigo,2011,WindGustDir,335,9,2.6866
Bendigo,2011,WindGustSpeed,335,8,2.3881
Bendigo,2012,Sunshine,335,335,100.0
Bendigo,2012,Evaporation,335,335,100.0
Bendigo,2012,Cloud9am,335,57,17.0149
Bendigo,2012,Cloud3pm,335,53,15.8209
Bendigo,2012,Pressure9am,335,4,1.194
Bendigo,2012,Pressure3pm,335,1,0.2985
Bendigo,2012,WindDir9am,335,27,8.0597
Bendigo,2012,WindGustDir,335,6,1.791
Bendigo,2012,WindGustSpeed,335,6,1.791
Bendigo,2013,Sunshine,337,337,100.0
Bendigo,2013,Evaporation,337,31,9.1988
Bendigo,2013,Cloud9am,337,202,59.9407
Bendigo,2013,Cloud3pm,337,152,45.1039
Bendigo,2013,Pressure9am,337,0,0.0
Bendigo,2013,Pressure3pm,337,0,0.0
Bendigo,2013,WindDir9am,337,27,8.0119
Bendigo,2013,WindGustDir,337,0,0.0
Bendigo,2013,WindGustSpeed,337,0,0.0
Bendigo,2014,Sunshine,365,365,100.0
Bendigo,2014,Evaporation,365,273,74.7945
Bendigo,2014,Cloud9am,365,225,61.6438
Bendigo,2014,Cloud3pm,365,173,47.3973
Bendigo,2014,Pressure9am,365,0,0.0
Bendigo,2014,Pressure3pm,365,0,0.0
Bendigo,2014,WindDir9am,365,33,9.0411
Bendigo,2014,WindGustDir,365,0,0.0
Bendigo,2014,WindGustSpeed,365,0,0.0
Bendigo,2015,Sunshine,365,365,100.0
Bendigo,2015,Evaporation,365,365,100.0
Bendigo,2015,Cloud9am,365,211,57.8082
Bendigo,2015,Cloud3pm,365,151,41.3699
Bendigo,2015,Pressure9am,365,0,0.0
Bendigo,2015,Pressure3pm,365,0,0.0
Bendigo,2015,WindDir9am,365,34,9.3151
Bendigo,2015,WindGustDir,365,3,0.8219
Bendigo,2015,WindGustSpeed,365,3,0.8219
Bendigo,2016,Sunshine,366,366,100.0
Bendigo,2016,Evaporation,366,366,100.0
Bendigo,2016,Cloud9am,366,163,44.5355
Bendigo,2016,Cloud3pm,366,145,39.6175
Bendigo,2016,Pressure9am,366,0,0.0
Bendigo,2016,Pressure3pm,366,0,0.0
Bendigo,2016,WindDir9am,366,33,9.0164
Bendigo,2016,WindGustDir,366,1,0.2732
Bendigo,2016,WindGustSpeed,366,1,0.2732
Bendigo,2017,Sunshine,176,176,100.0
Bendigo,2017,Evaporation,176,176,100.0
Bendigo,2017,Cloud9am,176,105,59.6591
Bendigo,2017,Cloud3pm,176,91,51.7045
Bendigo,2017,Pressure9am,176,1,0.5682
Bendigo,2017,Pressure3pm,176,1,0.5682
Bendigo,2017,WindDir9am,176,17,9.6591
Bendigo,2017,WindGustDir,176,6,3.4091
Bendigo,2017,WindGustSpeed,176,6,3.4091
Brisbane,2008,Sunshine,184,2,1.087
Brisbane,2008,Evaporation,184,1,0.5435
Brisbane,2008,Cloud9am,184,0,0.0
Brisbane,2008,Cloud3pm,184,0,0.0
Brisbane,2008,Pressure9am,184,0,0.0
Brisbane,2008,Pressure3pm,184,1,0.5435
Brisbane,2008,WindDir9am,184,1,0.5435
Brisbane,2008,WindGustDir,184,1,0.5435
Brisbane,2008,WindGustSpeed,184,1,0.5435
Brisbane,2009,Sunshine,365,5,1.3699
Brisbane,2009,Evaporation,365,2,0.5479
Brisbane,2009,Cloud9am,365,0,0.0
Brisbane,2009,Cloud3pm,365,0,0.0
Brisbane,2009,Pressure9am,365,0,0.0
Brisbane,2009,Pressure3pm,365,2,0.5479
Brisbane,2009,WindDir9am,365,4,1.0959
Brisbane,2009,WindGustDir,365,3,0.8219
Brisbane,2009,WindGustSpeed,365,3,0.8219
Brisbane,2010,Sunshine,365,13,3.5616
Brisbane,2010,Evaporation,365,1,0.274
Brisbane,2010,Cloud9am,365,0,0.0
Brisbane,2010,Cloud3pm,365,0,0.0
Brisbane,2010,Pressure9am,365,1,0.274
Brisbane,2010,Pressure3pm,365,3,0.8219
Brisbane,2010,WindDir9am,365,11,3.0137
Brisbane,2010,WindGustDir,365,3,0.8219
Brisbane,2010,WindGustSpeed,365,3,0.8219
Brisbane,2011,Sunshine,335,20,5.9701
Brisbane,2011,Evaporation,335,1,0.2985
Brisbane,2011,Cloud9am,335,0,0.0
Brisbane,2011,Cloud3pm,335,0,0.0
Brisbane,2011,Pressure9am,335,0,0.0
Brisbane,2011,Pressure3pm,335,2,0.597
Brisbane,2011,WindDir9am,335,9,2.6866
Brisbane,2011,WindGustDir,335,4,1.194
Brisbane,2011,WindGustSpeed,335,4,1.194
Brisbane,2012,Sunshine,335,5,1.4925
Brisbane,2012,Evaporation,335,2,0.597
Brisbane,2012,Cloud9am,335,0,0.0
Brisbane,2012,Cloud3pm,335,2,0.597
Brisbane,2012,Pressure9am,335,0,0.0
Brisbane,2012,Pressure3pm,335,0,0.0
Brisbane,2012,WindDir9am,335,11,3.2836
Brisbane,2012,WindGustDir,335,3,0.8955
Brisbane,2012,WindGustSpeed,335,3,0.8955
Brisbane,2013,Sunshine,337,0,0.0
Brisbane,2013,Evaporation,337,0,0.0
Brisbane,2013,Cloud9am,337,0,0.0
Brisbane,2013,Cloud3pm,337,0,0.0
Brisbane,2013,Pressure9am,337,0,0.0
Brisbane,2013,Pressure3pm,337,0,0.0
Brisbane,2013,WindDir9am,337,6,1.7804
Brisbane,2013,WindGustDir,337,2,0.5935
Brisbane,2013,WindGustSpeed,337,2,0.5935
Brisbane,2014,Sunshine,365,2,0.5479
Brisbane,2014,Evaporation,365,3,0.8219
Brisbane,2014,Cloud9am,365,1,0.274
Brisbane,2014,Cloud3pm,365,0,0.0
Brisbane,2014,Pressure9am,365,0,0.0
Brisbane,2014,Pressure3pm,365,0,0.0
Brisbane,2014,WindDir9am,365,12,3.2877
Brisbane,2014,WindGustDir,365,4,1.0959
Brisbane,2014,WindGustSpeed,365,4,1.0959
Brisbane,2015,Sunshine,365,1,0.274
Brisbane,2015,Evaporation,365,2,0.5479
Brisbane,2015,Cloud9am,365,0,0.0
Brisbane,2015,Cloud3pm,365,0,0.0
Brisbane,2015,Pressure9am,365,0,0.0
Brisbane,2015,Pressure3pm,365,0,0.0
Brisbane,2015,WindDir9am,365,6,1.6438
Brisbane,2015,WindGustDir,365,8,2.1918
Brisbane,2015,WindGustSpeed,365,8,2.1918
Brisbane,2016,Sunshine,366,1,0.2732
Brisbane,2016,Evaporation,366,5,1.3661
Brisbane,2016,Cloud9am,366,0,0.0
Brisbane,2016,Cloud3pm,366,0,0.0
Brisbane,2016,Pressure9am,366,0,0.0
Brisbane,2016,Pressure3pm,366,0,0.0
Brisbane,2016,WindDir9am,366,8,2.1858
Brisbane,2016,WindGustDir,366,9,2.459
Brisbane,2016,WindGustSpeed,366,9,2.459
Brisbane,2017,Sunshine,176,0,0.0
Brisbane,2017,Evaporation,176,2,1.1364
Brisbane,2017,Cloud9am,176,0,0.0
Brisbane,2017,Cloud3pm,176,0,0.0
Brisbane,2017,Pressure9am,176,0,0.0
Brisbane,2017,Pressure3pm,176,0,0.0
Brisbane,2017,WindDir9am,176,2,1.1364
Brisbane,2017,WindGustDir,176,4,2.2727
Brisbane,2017,WindGustSpeed,176,4,2.2727
Cairns,2008,Sunshine,31,0,0.0
Cairns,2008,Evaporation,31,1,3.2258
Cairns,2008,Cloud9am,31,0,0.0
Cairns,2008,Cloud3pm,31,0,0.0
Cairns,2008,Pressure9am,31,0,0.0
Cairns,2008,Pressure3pm,31,0,0.0
Cairns,2008,WindDir9am,31,1,3.2258
Cairns,2008,WindGustDir,31,1,3.2258
Cairns,2008,WindGustSpeed,31,1,3.2258
Cairns,2009,Sunshine,365,1,0.274
Cairns,2009,Evaporation,365,2,0.5479
Cairns,2009,Cloud9am,365,0,0.0
Cairns,2009,Cloud3pm,365,1,0.274
Cairns,2009,Pressure9am,365,0,0.0
Cairns,2009,Pressure3pm,365,0,0.0
Cairns,2009,WindDir9am,365,11,3.0137
Cairns,2009,WindGustDir,365,1,0.274
Cairns,2009,WindGustSpeed,365,1,0.274
Cairns,2010,Sunshine,365,1,0.274
Cairns,2010,Evaporation,365,0,0.0
Cairns,2010,Cloud9am,365,0,0.0
Cairns,2010,Cloud3pm,365,0,0.0
Cairns,2010,Pressure9am,365,0,0.0
Cairns,2010,Pressure3pm,365,0,0.0
Cairns,2010,WindDir9am,365,8,2.1918
Cairns,2010,WindGustDir,365,2,0.5479
Cairns,2010,WindGustSpeed,365,2,0.5479
Cairns,2011,Sunshine,335,1,0.2985
Cairns,2011,Evaporation,335,6,1.791
Cairns,2011,Cloud9am,335,2,0.597
Cairns,2011,Cloud3pm,335,1,0.2985
Cairns,2011,Pressure9am,335,0,0.0
Cairns,2011,Pressure3pm,335,0,0.0
Cairns,2011,WindDir9am,335,5,1.4925
Cairns,2011,WindGustDir,335,1,0.2985
Cairns,2011,WindGustSpeed,335,1,0.2985
Cairns,2012,Sunshine,335,1,0.2985
Cairns,2012,Evaporation,335,11,3.2836
Cairns,2012,Cloud9am,335,1,0.2985
Cairns,2012,Cloud3pm,335,5,1.4925
Cairns,2012,Pressure9am,335,0,0.0
Cairns,2012,Pressure3pm,335,0,0.0
Cairns,2012,WindDir9am,335,11,3.2836
Cairns,2012,WindGustDir,335,0,0.0
Cairns,2012,WindGustSpeed,335,0,0.0
Cairns,2013,Sunshine,337,0,0.0
Cairns,2013,Evaporation,337,1,0.2967
Cairns,2013,Cloud9am,337,0,0.0
Cairns,2013,Cloud3pm,337,1,0.2967
Cairns,2013,Pressure9am,337,0,0.0
Cairns,2013,Pressure3pm,337,0,0.0
Cairns,2013,WindDir9am,337,2,0.5935
Cairns,2013,WindGustDir,337,0,0.0
Cairns,2013,WindGustSpeed,337,0,0.0
Cairns,2014,Sunshine,365,5,1.3699
Cairns,2014,Evaporation,365,7,1.9178
Cairns,2014,Cloud9am,365,1,0.274
Cairns,2014,Cloud3pm,365,2,0.5479
Cairns,2014,Pressure9am,365,0,0.0
Cairns,2014,Pressure3pm,365,0,0.0
Cairns,2014,WindDir9am,365,1,0.274
Cairns,2014,WindGustDir,365,2,0.5479
Cairns,2014,WindGustSpeed,365,1,0.274
Cairns,2015,Sunshine,365,29,7.9452
Cairns,2015,Evaporation,365,35,9.589
Cairns,2015,Cloud9am,365,13,3.5616
Cairns,2015,Cloud3pm,365,18,4.9315
Cairns,2015,Pressure9am,365,0,0.0
Cairns,2015,Pressure3pm,365,0,0.0
Cairns,2015,WindDir9am,365,0,0.0
Cairns,2015,WindGustDir,365,6,1.6438
Cairns,2015,WindGustSpeed,365,6,1.6438
Cairns,2016,Sunshine,366,262,71.5847
Cairns,2016,Evaporation,366,131,35.7923
Cairns,2016,Cloud9am,366,110,30.0546
Cairns,2016,Cloud3pm,366,130,35.5191
Cairns,2016,Pressure9am,366,1,0.2732
Cairns,2016,Pressure3pm,366,0,0.0
Cairns,2016,WindDir9am,366,2,0.5464
Cairns,2016,WindGustDir,366,4,1.0929
Cairns,2016,WindGustSpeed,366,4,1.0929
Cairns,2017,Sunshine,176,176,100.0
Cairns,2017,Evaporation,176,176,100.0
Cairns,2017,Cloud9am,176,80,45.4545
Cairns,2017,Cloud3pm,176,72,40.9091
Cairns,2017,Pressure9am,176,0,0.0
Cairns,2017,Pressure3pm,176,0,0.0
Cairns,2017,WindDir9am,176,2,1.1364
Cairns,2017,WindGustDir,176,2,1.1364
Cairns,2017,WindGustSpeed,176,2,1.1364
Canberra,2007,Sunshine,61,0,0.0
Canberra,2007,Evaporation,61,0,0.0
Canberra,2007,Cloud9am,61,0,0.0
Canberra,2007,Cloud3pm,61,0,0.0
Canberra,2007,Pressure9am,61,0,0.0
Canberra,2007,Pressure3pm,61,0,0.0
Canberra,2007,WindDir9am,61,0,0.0
Canberra,2007,WindGustDir,61,0,0.0
Canberra,2007,WindGustSpeed,61,0,0.0
Canberra,2008,Sunshine,366,3,0.8197
Canberra,2008,Evaporation,366,2,0.5464
Canberra,2008,Cloud9am,366,0,0.0
Canberra,2008,Cloud3pm,366,0,0.0
Canberra,2008,Pressure9am,366,0,0.0
Canberra,2008,Pressure3pm,366,0,0.0
Canberra,2008,WindDir9am,366,34,9.2896
Canberra,2008,WindGustDir,366,3,0.8197
Canberra,2008,WindGustSpeed,366,2,0.5464
Canberra,2009,Sunshine,365,153,41.9178
Canberra,2009,Evaporation,365,0,0.0
Canberra,2009,Cloud9am,365,153,41.9178
Canberra,2009,Cloud3pm,365,153,41.9178
Canberra,2009,Pressure9am,365,153,41.9178
Canberra,2009,Pressure3pm,365,153,41.9178
Canberra,2009,WindDir9am,365,173,47.3973
Canberra,2009,WindGustDir,365,153,41.9178
Canberra,2009,WindGustSpeed,365,153,41.9178
Canberra,2010,Sunshine,365,63,17.2603
Canberra,2010,Evaporation,365,8,2.1918
Canberra,2010,Cloud9am,365,60,16.4384
Canberra,2010,Cloud3pm,365,60,16.4384
Canberra,2010,Pressure9am,365,62,16.9863
Canberra,2010,Pressure3pm,365,62,16.9863
Canberra,2010,WindDir9am,365,97,26.5753
Canberra,2010,WindGustDir,365,64,17.5342
Canberra,2010,WindGustSpeed,365,64,17.5342
Canberra,2011,Sunshine,335,35,10.4478
Canberra,2011,Evaporation,335,38,11.3433
Canberra,2011,Cloud9am,335,28,8.3582
Canberra,2011,Cloud3pm,335,67,20.0
Canberra,2011,Pressure9am,335,4,1.194
Canberra,2011,Pressure3pm,335,3,0.8955
Canberra,2011,WindDir9am,335,38,11.3433
Canberra,2011,WindGustDir,335,57,17.0149
Canberra,2011,WindGustSpeed,335,56,16.7164
Canberra,2012,Sunshine,335,52,15.5224
Canberra,2012,Evaporation,335,71,21.194
Canberra,2012,Cloud9am,335,28,8.3582
Canberra,2012,Cloud3pm,335,170,50.7463
Canberra,2012,Pressure9am,335,2,0.597
Canberra,2012,Pressure3pm,335,0,0.0
Canberra,2012,WindDir9am,335,43,12.8358
Canberra,2012,WindGustDir,335,7,2.0896
Canberra,2012,WindGustSpeed,335,7,2.0896
Canberra,2013,Sunshine,337,337,100.0
Canberra,2013,Evaporation,337,213,63.2047
Canberra,2013,Cloud9am,337,135,40.0593
Canberra,2013,Cloud3pm,337,179,53.1157
Canberra,2013,Pressure9am,337,4,1.1869
Canberra,2013,Pressure3pm,337,1,0.2967
Canberra,2013,WindDir9am,337,28,8.3086
Canberra,2013,WindGustDir,337,22,6.5282
Canberra,2013,WindGustSpeed,337,22,6.5282
Canberra,2014,Sunshine,365,365,100.0
Canberra,2014,Evaporation,365,365,100.0
Canberra,2014,Cloud9am,365,204,55.8904
Canberra,2014,Cloud3pm,365,199,54.5205
Canberra,2014,Pressure9am,365,0,0.0
Canberra,2014,Pressure3pm,365,2,0.5479
Canberra,2014,WindDir9am,365,39,10.6849
Canberra,2014,WindGustDir,365,8,2.1918
Canberra,2014,WindGustSpeed,365,8,2.1918
Canberra,2015,Sunshine,365,365,100.0
Canberra,2015,Evaporation,365,365,100.0
Canberra,2015,Cloud9am,365,195,53.4247
Canberra,2015,Cloud3pm,365,174,47.6712
Canberra,2015,Pressure9am,365,1,0.274
Canberra,2015,Pressure3pm,365,0,0.0
Canberra,2015,WindDir9am,365,42,11.5068
Canberra,2015,WindGustDir,365,12,3.2877
Canberra,2015,WindGustSpeed,365,12,3.2877
Canberra,2016,Sunshine,366,366,100.0
Canberra,2016,Evaporation,366,366,100.0
Canberra,2016,Cloud9am,366,175,47.8142
Canberra,2016,Cloud3pm,366,158,43.1694
Canberra,2016,Pressure9am,366,0,0.0
Canberra,2016,Pressure3pm,366,0,0.0
Canberra,2016,WindDir9am,366,26,7.1038
Canberra,2016,WindGustDir,366,10,2.7322
Canberra,2016,WindGustSpeed,366,10,2.7322
Canberra,2017,Sunshine,176,176,100.0
Canberra,2017,Evaporation,176,176,100.0
Canberra,2017,Cloud9am,176,94,53.4091
Canberra,2017,Cloud3pm,176,103,58.5227
Canberra,2017,Pressure9am,176,0,0.0
Canberra,2017,Pressure3pm,176,0,0.0
Canberra,2017,WindDir9am,176,21,11.9318
Canberra,2017,WindGustDir,176,3,1.7045
Canberra,2017,WindGustSpeed,176,3,1.7045
Cobar,2009,Sunshine,365,10,2.7397
Cobar,2009,Evaporation,365,4,1.0959
Cobar,2009,Cloud9am,365,4,1.0959
Cobar,2009,Cloud3pm,365,4,1.0959
Cobar,2009,Pressure9am,365,3,0.8219
Cobar,2009,Pressure3pm,365,0,0.0
Cobar,2009,WindDir9am,365,4,1.0959
Cobar,2009,WindGustDir,365,4,1.0959
Cobar,2009,WindGustSpeed,365,4,1.0959
Cobar,2010,Sunshine,365,170,46.5753
Cobar,2010,Evaporation,365,1,0.274
Cobar,2010,Cloud9am,365,3,0.8219
Cobar,2010,Cloud3pm,365,2,0.5479
Cobar,2010,Pressure9am,365,1,0.274
Cobar,2010,Pressure3pm,365,1,0.274
Cobar,2010,WindDir9am,365,1,0.274
Cobar,2010,WindGustDir,365,3,0.8219
Cobar,2010,WindGustSpeed,365,3,0.8219
Cobar,2011,Sunshine,335,335,100.0
Cobar,2011,Evaporation,335,16,4.7761
Cobar,2011,Cloud9am,335,14,4.1791
Cobar,2011,Cloud3pm,335,11,3.2836
Cobar,2011,Pressure9am,335,3,0.8955
Cobar,2011,Pressure3pm,335,3,0.8955
Cobar,2011,WindDir9am,335,1,0.2985
Cobar,2011,WindGustDir,335,10,2.9851
Cobar,2011,WindGustSpeed,335,10,2.9851
Cobar,2012,Sunshine,335,335,100.0
Cobar,2012,Evaporation,335,17,5.0746
Cobar,2012,Cloud9am,335,15,4.4776
Cobar,2012,Cloud3pm,335,12,3.5821
Cobar,2012,Pressure9am,335,1,0.2985
Cobar,2012,Pressure3pm,335,1,0.2985
Cobar,2012,WindDir9am,335,2,0.597
Cobar,2012,WindGustDir,335,3,0.8955
Cobar,2012,WindGustSpeed,335,3,0.8955
Cobar,2013,Sunshine,337,337,100.0
Cobar,2013,Evaporation,337,16,4.7478
Cobar,2013,Cloud9am,337,17,5.0445
Cobar,2013,Cloud3pm,337,24,7.1217
Cobar,2013,Pressure9am,337,0,0.0
Cobar,2013,Pressure3pm,337,0,0.0
Cobar,2013,WindDir9am,337,2,0.5935
Cobar,2013,WindGustDir,337,1,0.2967
Cobar,2013,WindGustSpeed,337,1,0.2967
Cobar,2014,Sunshine,365,365,100.0
Cobar,2014,Evaporation,365,16,4.3836
Cobar,2014,Cloud9am,365,14,3.8356
Cobar,2014,Cloud3pm,365,16,4.3836
Cobar,2014,Pressure9am,365,20,5.4795
Cobar,2014,Pressure3pm,365,20,5.4795
Cobar,2014,WindDir9am,365,13,3.5616
Cobar,2014,WindGustDir,365,14,3.8356
Cobar,2014,WindGustSpeed,365,14,3.8356
Cobar,2015,Sunshine,365,365,100.0
Cobar,2015,Evaporation,365,12,3.2877
Cobar,2015,Cloud9am,365,23,6.3014
Cobar,2015,Cloud3pm,365,12,3.2877
Cobar,2015,Pressure9am,365,0,0.0
Cobar,2015,Pressure3pm,365,0,0.0
Cobar,2015,WindDir9am,365,0,0.0
Cobar,2015,WindGustDir,365,1,0.274
Cobar,2015,WindGustSpeed,365,1,0.274
Cobar,2016,Sunshine,366,366,100.0
Cobar,2016,Evaporation,366,85,23.224
Cobar,2016,Cloud9am,366,155,42.3497
Cobar,2016,Cloud3pm,366,127,34.6995
Cobar,2016,Pressure9am,366,0,0.0
Cobar,2016,Pressure3pm,366,0,0.0
Cobar,2016,WindDir9am,366,2,0.5464
Cobar,2016,WindGustDir,366,0,0.0
Cobar,2016,WindGustSpeed,366,0,0.0
Cobar,2017,Sunshine,176,176,100.0
Cobar,2017,Evaporation,176,176,100.0
Cobar,2017,Cloud9am,176,135,76.7045
Cobar,2017,Cloud3pm,176,100,56.8182
Cobar,2017,Pressure9am,176,2,1.1364
Cobar,2017,Pressure3pm,176,1,0.5682
Cobar,2017,WindDir9am,176,2,1.1364
Cobar,2017,WindGustDir,176,6,3.4091
Cobar,2017,WindGustSpeed,176,6,3.4091
CoffsHarbour,2009,Sunshine,365,0,0.0
CoffsHarbour,2009,Evaporation,365,12,3.2877
CoffsHarbour,2009,Cloud9am,365,0,0.0
CoffsHarbour,2009,Cloud3pm,365,1,0.274
CoffsHarbour,2009,Pressure9am,365,1,0.274
CoffsHarbour,2009,Pressure3pm,365,3,0.8219
CoffsHarbour,2009,WindDir9am,365,11,3.0137
CoffsHarbour,2009,WindGustDir,365,25,6.8493
CoffsHarbour,2009,WindGustSpeed,365,25,6.8493
CoffsHarbour,2010,Sunshine,365,1,0.274
CoffsHarbour,2010,Evaporation,365,8,2.1918
CoffsHarbour,2010,Cloud9am,365,0,0.0
CoffsHarbour,2010,Cloud3pm,365,1,0.274
CoffsHarbour,2010,Pressure9am,365,2,0.5479
CoffsHarbour,2010,Pressure3pm,365,1,0.274
CoffsHarbour,2010,WindDir9am,365,3,0.8219
CoffsHarbour,2010,WindGustDir,365,4,1.0959
CoffsHarbour,2010,WindGustSpeed,365,4,1.0959
CoffsHarbour,2011,Sunshine,335,9,2.6866
CoffsHarbour,2011,Evaporation,335,12,3.5821
CoffsHarbour,2011,Cloud9am,335,2,0.597
CoffsHarbour,2011,Cloud3pm,335,4,1.194
CoffsHarbour,2011,Pressure9am,335,1,0.2985
CoffsHarbour,2011,Pressure3pm,335,0,0.0
CoffsHarbour,2011,WindDir9am,335,11,3.2836
CoffsHarbour,2011,WindGustDir,335,2,0.597
CoffsHarbour,2011,WindGustSpeed,335,2,0.597
CoffsHarbour,2012,Sunshine,335,88,26.2687
CoffsHarbour,2012,Evaporation,335,7,2.0896
CoffsHarbour,2012,Cloud9am,335,3,0.8955
CoffsHarbour,2012,Cloud3pm,335,7,2.0896
CoffsHarbour,2012,Pressure9am,335,0,0.0
CoffsHarbour,2012,Pressure3pm,335,1,0.2985
CoffsHarbour,2012,WindDir9am,335,6,1.791
CoffsHarbour,2012,WindGustDir,335,3,0.8955
CoffsHarbour,2012,WindGustSpeed,335,3,0.8955
CoffsHarbour,2013,Sunshine,337,190,56.3798
CoffsHarbour,2013,Evaporation,337,23,6.8249
CoffsHarbour,2013,Cloud9am,337,10,2.9674
CoffsHarbour,2013,Cloud3pm,337,10,2.9674
CoffsHarbour,2013,Pressure9am,337,4,1.1869
CoffsHarbour,2013,Pressure3pm,337,3,0.8902
CoffsHarbour,2013,WindDir9am,337,7,2.0772
CoffsHarbour,2013,WindGustDir,337,3,0.8902
CoffsHarbour,2013,WindGustSpeed,337,3,0.8902
CoffsHarbour,2014,Sunshine,365,320,87.6712
CoffsHarbour,2014,Evaporation,365,255,69.863
CoffsHarbour,2014,Cloud9am,365,248,67.9452
CoffsHarbour,2014,Cloud3pm,365,250,68.4932
CoffsHarbour,2014,Pressure9am,365,245,67.1233
CoffsHarbour,2014,Pressure3pm,365,245,67.1233
CoffsHarbour,2014,WindDir9am,365,248,67.9452
CoffsHarbour,2014,WindGustDir,365,246,67.3973
CoffsHarbour,2014,WindGustSpeed,365,246,67.3973
CoffsHarbour,2015,Sunshine,365,365,100.0
CoffsHarbour,2015,Evaporation,365,365,100.0
CoffsHarbour,2015,Cloud9am,365,242,66.3014
CoffsHarbour,2015,Cloud3pm,365,216,59.1781
CoffsHarbour,2015,Pressure9am,365,57,15.6164
CoffsHarbour,2015,Pressure3pm,365,55,15.0685
CoffsHarbour,2015,WindDir9am,365,54,14.7945
CoffsHarbour,2015,WindGustDir,365,57,15.6164
CoffsHarbour,2015,WindGustSpeed,365,57,15.6164
CoffsHarbour,2016,Sunshine,366,366,100.0
CoffsHarbour,2016,Evaporation,366,366,100.0
CoffsHarbour,2016,Cloud9am,366,228,62.2951
CoffsHarbour,2016,Cloud3pm,366,212,57.9235
CoffsHarbour,2016,Pressure9am,366,1,0.2732
CoffsHarbour,2016,Pressure3pm,366,4,1.0929
CoffsHarbour,2016,WindDir9am,366,7,1.9126
CoffsHarbour,2016,WindGustDir,366,17,4.6448
CoffsHarbour,2016,WindGustSpeed,366,17,4.6448
CoffsHarbour,2017,Sunshine,176,176,100.0
CoffsHarbour,2017,Evaporation,176,176,100.0
CoffsHarbour,2017,Cloud9am,176,80,45.4545
CoffsHarbour,2017,Cloud3pm,176,77,43.75
CoffsHarbour,2017,Pressure9am,176,0,0.0
CoffsHarbour,2017,Pressure3pm,176,0,0.0
CoffsHarbour,2017,WindDir9am,176,0,0.0
CoffsHarbour,2017,WindGustDir,176,2,1.1364
CoffsHarbour,2017,WindGustSpeed,176,2,1.1364
Dartmoor,2009,Sunshine,365,0,0.0
Dartmoor,2009,Evaporation,365,0,0.0
Dartmoor,2009,Cloud9am,365,365,100.0
Dartmoor,2009,Cloud3pm,365,365,100.0
Dartmoor,2009,Pressure9am,365,64,17.5342
Dartmoor,2009,Pressure3pm,365,64,17.5342
Dartmoor,2009,WindDir9am,365,114,31.2329
Dartmoor,2009,WindGustDir,365,63,17.2603
Dartmoor,2009,WindGustSpeed,365,63,17.2603
Dartmoor,2010,Sunshine,365,0,0.0
Dartmoor,2010,Evaporation,365,0,0.0
Dartmoor,2010,Cloud9am,365,365,100.0
Dartmoor,2010,Cloud3pm,365,365,100.0
Dartmoor,2010,Pressure9am,365,0,0.0
Dartmoor,2010,Pressure3pm,365,1,0.274
Dartmoor,2010,WindDir9am,365,60,16.4384
Dartmoor,2010,WindGustDir,365,0,0.0
Dartmoor,2010,WindGustSpeed,365,0,0.0
Dartmoor,2011,Sunshine,335,4,1.194
Dartmoor,2011,Evaporation,335,7,2.0896
Dartmoor,2011,Cloud9am,335,335,100.0
Dartmoor,2011,Cloud3pm,335,335,100.0
Dartmoor,2011,Pressure9am,335,0,0.0
Dartmoor,2011,Pressure3pm,335,0,0.0
Dartmoor,2011,WindDir9am,335,53,15.8209
Dartmoor,2011,WindGustDir,335,1,0.2985
Dartmoor,2011,WindGustSpeed,335,1,0.2985
Dartmoor,2012,Sunshine,335,4,1.194
Dartmoor,2012,Evaporation,335,2,0.597
Dartmoor,2012,Cloud9am,335,335,100.0
Dartmoor,2012,Cloud3pm,335,335,100.0
Dartmoor,2012,Pressure9am,335,0,0.0
Dartmoor,2012,Pressure3pm,335,0,0.0
Dartmoor,2012,WindDir9am,335,77,22.9851
Dartmoor,2012,WindGustDir,335,2,0.597
Dartmoor,2012,WindGustSpeed,335,2,0.597
Dartmoor,2013,Sunshine,337,2,0.5935
Dartmoor,2013,Evaporation,337,2,0.5935
Dartmoor,2013,Cloud9am,337,337,100.0
Dartmoor,2013,Cloud3pm,337,337,100.0
Dartmoor,2013,Pressure9am,337,0,0.0
Dartmoor,2013,Pressure3pm,337,0,0.0
Dartmoor,2013,WindDir9am,337,60,17.8042
Dartmoor,2013,WindGustDir,337,1,0.2967
Dartmoor,2013,WindGustSpeed,337,1,0.2967
Dartmoor,2014,Sunshine,365,4,1.0959
Dartmoor,2014,Evaporation,365,2,0.5479
Dartmoor,2014,Cloud9am,365,365,100.0
Dartmoor,2014,Cloud3pm,365,365,100.0
Dartmoor,2014,Pressure9am,365,0,0.0
Dartmoor,2014,Pressure3pm,365,0,0.0
Dartmoor,2014,WindDir9am,365,92,25.2055
Dartmoor,2014,WindGustDir,365,1,0.274
Dartmoor,2014,WindGustSpeed,365,1,0.274
Dartmoor,2015,Sunshine,365,0,0.0
Dartmoor,2015,Evaporation,365,2,0.5479
Dartmoor,2015,Cloud9am,365,365,100.0
Dartmoor,2015,Cloud3pm,365,365,100.0
Dartmoor,2015,Pressure9am,365,0,0.0
Dartmoor,2015,Pressure3pm,365,0,0.0
Dartmoor,2015,WindDir9am,365,58,15.8904
Dartmoor,2015,WindGustDir,365,0,0.0
Dartmoor,2015,WindGustSpeed,365,0,0.0
Dartmoor,2016,Sunshine,366,253,69.1257
Dartmoor,2016,Evaporation,366,218,59.5628
Dartmoor,2016,Cloud9am,366,366,100.0
Dartmoor,2016,Cloud3pm,366,366,100.0
Dartmoor,2016,Pressure9am,366,0,0.0
Dartmoor,2016,Pressure3pm,366,0,0.0
Dartmoor,2016,WindDir9am,366,31,8.4699
Dartmoor,2016,WindGustDir,366,0,0.0
Dartmoor,2016,WindGustSpeed,366,0,0.0
Dartmoor,2017,Sunshine,176,176,100.0
Dartmoor,2017,Evaporation,176,176,100.0
Dartmoor,2017,Cloud9am,176,176,100.0
Dartmoor,2017,Cloud3pm,176,176,100.0
Dartmoor,2017,Pressure9am,176,0,0.0
Dartmoor,2017,Pressure3pm,176,0,0.0
Dartmoor,2017,WindDir9am,176,23,13.0682
Dartmoor,2017,WindGustDir,176,1,0.5682
Dartmoor,2017,WindGustSpeed,176,1,0.5682
Darwin,2008,Sunshine,184,0,0.0
Darwin,2008,Evaporation,184,17,9.2391
Darwin,2008,Cloud9am,184,0,0.0
Darwin,2008,Cloud3pm,184,0,0.0
Darwin,2008,Pressure9am,184,0,0.0
Darwin,2008,Pressure3pm,184,0,0.0
Darwin,2008,WindDir9am,184,4,2.1739
Darwin,2008,WindGustDir,184,4,2.1739
Darwin,2008,WindGustSpeed,184,4,2.1739
Darwin,2009,Sunshine,365,0,0.0
Darwin,2009,Evaporation,365,2,0.5479
Darwin,2009,Cloud9am,365,0,0.0
Darwin,2009,Cloud3pm,365,1,0.274
Darwin,2009,Pressure9am,365,0,0.0
Darwin,2009,Pressure3pm,365,0,0.0
Darwin,2009,WindDir9am,365,4,1.0959
Darwin,2009,WindGustDir,365,2,0.5479
Darwin,2009,WindGustSpeed,365,2,0.5479
Darwin,2010,Sunshine,365,1,0.274
Darwin,2010,Evaporation,365,3,0.8219
Darwin,2010,Cloud9am,365,0,0.0
Darwin,2010,Cloud3pm,365,0,0.0
Darwin,2010,Pressure9am,365,0,0.0
Darwin,2010,Pressure3pm,365,0,0.0
Darwin,2010,WindDir9am,365,3,0.8219
Darwin,2010,WindGustDir,365,1,0.274
Darwin,2010,WindGustSpeed,365,1,0.274
Darwin,2011,Sunshine,335,1,0.2985
Darwin,2011,Evaporation,335,2,0.597
Darwin,2011,Cloud9am,335,0,0.0
Darwin,2011,Cloud3pm,335,1,0.2985
Darwin,2011,Pressure9am,335,1,0.2985
Darwin,2011,Pressure3pm,335,1,0.2985
Darwin,2011,WindDir9am,335,3,0.8955
Darwin,2011,WindGustDir,335,3,0.8955
Darwin,2011,WindGustSpeed,335,3,0.8955
Darwin,2012,Sunshine,335,0,0.0
Darwin,2012,Evaporation,335,5,1.4925
Darwin,2012,Cloud9am,335,0,0.0
Darwin,2012,Cloud3pm,335,0,0.0
Darwin,2012,Pressure9am,335,0,0.0
Darwin,2012,Pressure3pm,335,0,0.0
Darwin,2012,WindDir9am,335,1,0.2985
Darwin,2012,WindGustDir,335,0,0.0
Darwin,2012,WindGustSpeed,335,0,0.0
Darwin,2013,Sunshine,337,0,0.0
Darwin,2013,Evaporation,337,2,0.5935
Darwin,2013,Cloud9am,337,0,0.0
Darwin,2013,Cloud3pm,337,1,0.2967
Darwin,2013,Pressure9am,337,0,0.0
Darwin,2013,Pressure3pm,337,1,0.2967
Darwin,2013,WindDir9am,337,1,0.2967
Darwin,2013,WindGustDir,337,10,2.9674
Darwin,2013,WindGustSpeed,337,10,2.9674
Darwin,2014,Sunshine,365,0,0.0
Darwin,2014,Evaporation,365,2,0.5479
Darwin,2014,Cloud9am,365,0,0.0
Darwin,2014,Cloud3pm,365,0,0.0
Darwin,2014,Pressure9am,365,0,0.0
Darwin,2014,Pressure3pm,365,0,0.0
Darwin,2014,WindDir9am,365,2,0.5479
Darwin,2014,WindGustDir,365,13,3.5616
Darwin,2014,WindGustSpeed,365,13,3.5616
Darwin,2015,Sunshine,365,1,0.274
Darwin,2015,Evaporation,365,5,1.3699
Darwin,2015,Cloud9am,365,0,0.0
Darwin,2015,Cloud3pm,365,0,0.0
Darwin,2015,Pressure9am,365,0,0.0
Darwin,2015,Pressure3pm,365,0,0.0
Darwin,2015,WindDir9am,365,3,0.8219
Darwin,2015,WindGustDir,365,11,3.0137
Darwin,2015,WindGustSpeed,365,7,1.9178
Darwin,2016,Sunshine,366,0,0.0
Darwin,2016,Evaporation,366,6,1.6393
Darwin,2016,Cloud9am,366,1,0.2732
Darwin,2016,Cloud3pm,366,0,0.0
Darwin,2016,Pressure9am,366,0,0.0
Darwin,2016,Pressure3pm,366,0,0.0
Darwin,2016,WindDir9am,366,5,1.3661
Darwin,2016,WindGustDir,366,1,0.2732
Darwin,2016,WindGustSpeed,366,1,0.2732
Darwin,2017,Sunshine,176,1,0.5682
Darwin,2017,Evaporation,176,10,5.6818
Darwin,2017,Cloud9am,176,0,0.0
Darwin,2017,Cloud3pm,176,0,0.0
Darwin,2017,Pressure9am,176,0,0.0
Darwin,2017,Pressure3pm,176,0,0.0
Darwin,2017,WindDir9am,176,2,1.1364
Darwin,2017,WindGustDir,176,1,0.5682
Darwin,2017,WindGustSpeed,176,1,0.5682
GoldCoast,2008,Sunshine,31,31,100.0
GoldCoast,2008,Evaporation,31,31,100.0
GoldCoast,2008,Cloud9am,31,31,100.0
GoldCoast,2008,Cloud3pm,31,31,100.0
GoldCoast,2008,Pressure9am,31,0,0.0
GoldCoast,2008,Pressure3pm,31,0,0.0
GoldCoast,2008,WindDir9am,31,0,0.0
GoldCoast,2008,WindGustDir,31,1,3.2258
GoldCoast,2008,WindGustSpeed,31,1,3.2258
GoldCoast,2009,Sunshine,365,365,100.0
GoldCoast,2009,Evaporation,365,365,100.0
GoldCoast,2009,Cloud9am,365,365,100.0
GoldCoast,2009,Cloud3pm,365,365,100.0
GoldCoast,2009,Pressure9am,365,0,0.0
GoldCoast,2009,Pressure3pm,365,0,0.0
GoldCoast,2009,WindDir9am,365,2,0.5479
GoldCoast,2009,WindGustDir,365,2,0.5479
GoldCoast,2009,WindGustSpeed,365,2,0.5479
GoldCoast,2010,Sunshine,365,365,100.0
GoldCoast,2010,Evaporation,365,365,100.0
GoldCoast,2010,Cloud9am,365,365,100.0
GoldCoast,2010,Cloud3pm,365,365,100.0
GoldCoast,2010,Pressure9am,365,0,0.0
GoldCoast,2010,Pressure3pm,365,0,0.0
GoldCoast,2010,WindDir9am,365,1,0.274
GoldCoast,2010,WindGustDir,365,1,0.274
GoldCoast,2010,WindGustSpeed,365,1,0.274
GoldCoast,2011,Sunshine,335,335,100.0
GoldCoast,2011,Evaporation,335,335,100.0
GoldCoast,2011,Cloud9am,335,335,100.0
GoldCoast,2011,Cloud3pm,335,335,100.0
GoldCoast,2011,Pressure9am,335,0,0.0
GoldCoast,2011,Pressure3pm,335,0,0.0
GoldCoast,2011,WindDir9am,335,6,1.791
GoldCoast,2011,WindGustDir,335,2,0.597
GoldCoast,2011,WindGustSpeed,335,2,0.597
GoldCoast,2012,Sunshine,335,335,100.0
GoldCoast,2012,Evaporation,335,335,100.0
GoldCoast,2012,Cloud9am,335,335,100.0
GoldCoast,2012,Cloud3pm,335,335,100.0
GoldCoast,2012,Pressure9am,335,0,0.0
GoldCoast,2012,Pressure3pm,335,0,0.0
GoldCoast,2012,WindDir9am,335,1,0.2985
GoldCoast,2012,WindGustDir,335,0,0.0
GoldCoast,2012,WindGustSpeed,335,0,0.0
GoldCoast,2013,Sunshine,337,337,100.0
GoldCoast,2013,Evaporation,337,337,100.0
GoldCoast,2013,Cloud9am,337,337,100.0
GoldCoast,2013,Cloud3pm,337,337,100.0
GoldCoast,2013,Pressure9am,337,0,0.0
GoldCoast,2013,Pressure3pm,337,0,0.0
GoldCoast,2013,WindDir9am,337,4,1.1869
GoldCoast,2013,WindGustDir,337,0,0.0
GoldCoast,2013,WindGustSpeed,337,0,0.0
GoldCoast,2014,Sunshine,365,365,100.0
GoldCoast,2014,Evaporation,365,365,100.0
GoldCoast,2014,Cloud9am,365,365,100.0
GoldCoast,2014,Cloud3pm,365,365,100.0
GoldCoast,2014,Pressure9am,365,0,0.0
GoldCoast,2014,Pressure3pm,365,0,0.0
GoldCoast,2014,WindDir9am,365,12,3.2877
GoldCoast,2014,WindGustDir,365,27,7.3973
GoldCoast,2014,WindGustSpeed,365,27,7.3973
GoldCoast,2015,Sunshine,365,365,100.0
GoldCoast,2015,Evaporation,365,365,100.0
GoldCoast,2015,Cloud9am,365,365,100.0
GoldCoast,2015,Cloud3pm,365,365,100.0
GoldCoast,2015,Pressure9am,365,0,0.0
GoldCoast,2015,Pressure3pm,365,0,0.0
GoldCoast,2015,WindDir9am,365,27,7.3973
GoldCoast,2015,WindGustDir,365,48,13.1507
GoldCoast,2015,WindGustSpeed,365,48,13.1507
GoldCoast,2016,Sunshine,366,366,100.0
GoldCoast,2016,Evaporation,366,366,100.0
GoldCoast,2016,Cloud9am,366,366,100.0
GoldCoast,2016,Cloud3pm,366,366,100.0
GoldCoast,2016,Pressure9am,366,1,0.2732
GoldCoast,2016,Pressure3pm,366,1,0.2732
GoldCoast,2016,WindDir9am,366,9,2.459
GoldCoast,2016,WindGustDir,366,33,9.0164
GoldCoast,2016,WindGustSpeed,366,33,9.0164
GoldCoast,2017,Sunshine,176,176,100.0
GoldCoast,2017,Evaporation,176,176,100.0
GoldCoast,2017,Cloud9am,176,176,100.0
GoldCoast,2017,Cloud3pm,176,176,100.0
GoldCoast,2017,Pressure9am,176,0,0.0
GoldCoast,2017,Pressure3pm,176,0,0.0
GoldCoast,2017,WindDir9am,176,3,1.7045
GoldCoast,2017,WindGustDir,176,6,3.4091
GoldCoast,2017,WindGustSpeed,176,6,3.4091
Hobart,2008,Sunshine,184,4,2.1739
Hobart,2008,Evaporation,184,0,0.0
Hobart,2008,Cloud9am,184,0,0.0
Hobart,2008,Cloud3pm,184,2,1.087
Hobart,2008,Pressure9am,184,0,0.0
Hobart,2008,Pressure3pm,184,0,0.0
Hobart,2008,WindDir9am,184,2,1.087
Hobart,2008,WindGustDir,184,6,3.2609
Hobart,2008,WindGustSpeed,184,6,3.2609
Hobart,2009,Sunshine,365,2,0.5479
Hobart,2009,Evaporation,365,1,0.274
Hobart,2009,Cloud9am,365,2,0.5479
Hobart,2009,Cloud3pm,365,3,0.8219
Hobart,2009,Pressure9am,365,0,0.0
Hobart,2009,Pressure3pm,365,0,0.0
Hobart,2009,WindDir9am,365,4,1.0959
Hobart,2009,WindGustDir,365,2,0.5479
Hobart,2009,WindGustSpeed,365,2,0.5479
Hobart,2010,Sunshine,365,1,0.274
Hobart,2010,Evaporation,365,1,0.274
Hobart,2010,Cloud9am,365,32,8.7671
Hobart,2010,Cloud3pm,365,35,9.589
Hobart,2010,Pressure9am,365,1,0.274
Hobart,2010,Pressure3pm,365,0,0.0
Hobart,2010,WindDir9am,365,5,1.3699
Hobart,2010,WindGustDir,365,1,0.274
Hobart,2010,WindGustSpeed,365,1,0.274
Hobart,2011,Sunshine,335,0,0.0
Hobart,2011,Evaporation,335,1,0.2985
Hobart,2011,Cloud9am,335,335,100.0
Hobart,2011,Cloud3pm,335,335,100.0
Hobart,2011,Pressure9am,335,0,0.0
Hobart,2011,Pressure3pm,335,0,0.0
Hobart,2011,WindDir9am,335,2,0.597
Hobart,2011,WindGustDir,335,3,0.8955
Hobart,2011,WindGustSpeed,335,3,0.8955
Hobart,2012,Sunshine,335,0,0.0
Hobart,2012,Evaporation,335,0,0.0
Hobart,2012,Cloud9am,335,335,100.0
Hobart,2012,Cloud3pm,335,335,100.0
Hobart,2012,Pressure9am,335,0,0.0
Hobart,2012,Pressure3pm,335,1,0.2985
Hobart,2012,WindDir9am,335,6,1.791
Hobart,2012,WindGustDir,335,0,0.0
Hobart,2012,WindGustSpeed,335,0,0.0
Hobart,2013,Sunshine,337,0,0.0
Hobart,2013,Evaporation,337,0,0.0
Hobart,2013,Cloud9am,337,337,100.0
Hobart,2013,Cloud3pm,337,337,100.0
Hobart,2013,Pressure9am,337,0,0.0
Hobart,2013,Pressure3pm,337,0,0.0
Hobart,2013,WindDir9am,337,2,0.5935
Hobart,2013,WindGustDir,337,0,0.0
Hobart,2013,WindGustSpeed,337,0,0.0
Hobart,2014,Sunshine,365,1,0.274
Hobart,2014,Evaporation,365,1,0.274
Hobart,2014,Cloud9am,365,120,32.8767
Hobart,2014,Cloud3pm,365,120,32.8767
Hobart,2014,Pressure9am,365,0,0.0
Hobart,2014,Pressure3pm,365,0,0.0
Hobart,2014,WindDir9am,365,4,1.0959
Hobart,2014,WindGustDir,365,1,0.274
Hobart,2014,WindGustSpeed,365,1,0.274
Hobart,2015,Sunshine,365,3,0.8219
Hobart,2015,Evaporation,365,3,0.8219
Hobart,2015,Cloud9am,365,1,0.274
Hobart,2015,Cloud3pm,365,0,0.0
Hobart,2015,Pressure9am,365,0,0.0
Hobart,2015,Pressure3pm,365,0,0.0
Hobart,2015,WindDir9am,365,7,1.9178
Hobart,2015,WindGustDir,365,4,1.0959
Hobart,2015,WindGustSpeed,365,4,1.0959
Hobart,2016,Sunshine,366,1,0.2732
Hobart,2016,Evaporation,366,0,0.0
Hobart,2016,Cloud9am,366,1,0.2732
Hobart,2016,Cloud3pm,366,1,0.2732
Hobart,2016,Pressure9am,366,0,0.0
Hobart,2016,Pressure3pm,366,0,0.0
Hobart,2016,WindDir9am,366,4,1.0929
Hobart,2016,WindGustDir,366,4,1.0929
Hobart,2016,WindGustSpeed,366,4,1.0929
Hobart,2017,Sunshine,176,2,1.1364
Hobart,2017,Evaporation,176,0,0.0
Hobart,2017,Cloud9am,176,0,0.0
Hobart,2017,Cloud3pm,176,0,0.0
Hobart,2017,Pressure9am,176,0,0.0
Hobart,2017,Pressure3pm,176,0,0.0
Hobart,2017,WindDir9am,176,5,2.8409
Hobart,2017,WindGustDir,176,2,1.1364
Hobart,2017,WindGustSpeed,176,2,1.1364
Katherine,2013,Sunshine,306,306,100.0
Katherine,2013,Evaporation,306,14,4.5752
Katherine,2013,Cloud9am,306,9,2.9412
Katherine,2013,Cloud3pm,306,13,4.2484
Katherine,2013,Pressure9am,306,0,0.0
Katherine,2013,Pressure3pm,306,0,0.0
Katherine,2013,WindDir9am,306,3,0.9804
Katherine,2013,WindGustDir,306,2,0.6536
Katherine,2013,WindGustSpeed,306,2,0.6536
Katherine,2014,Sunshine,365,365,100.0
Katherine,2014,Evaporation,365,18,4.9315
Katherine,2014,Cloud9am,365,5,1.3699
Katherine,2014,Cloud3pm,365,11,3.0137
Katherine,2014,Pressure9am,365,0,0.0
Katherine,2014,Pressure3pm,365,0,0.0
Katherine,2014,WindDir9am,365,19,5.2055
Katherine,2014,WindGustDir,365,7,1.9178
Katherine,2014,WindGustSpeed,365,7,1.9178
Katherine,2015,Sunshine,365,365,100.0
Katherine,2015,Evaporation,365,18,4.9315
Katherine,2015,Cloud9am,365,6,1.6438
Katherine,2015,Cloud3pm,365,158,43.2877
Katherine,2015,Pressure9am,365,1,0.274
Katherine,2015,Pressure3pm,365,2,0.5479
Katherine,2015,WindDir9am,365,9,2.4658
Katherine,2015,WindGustDir,365,8,2.1918
Katherine,2015,WindGustSpeed,365,8,2.1918
Katherine,2016,Sunshine,366,366,100.0
Katherine,2016,Evaporation,366,25,6.8306
Katherine,2016,Cloud9am,366,11,3.0055
Katherine,2016,Cloud3pm,366,366,100.0
Katherine,2016,Pressure9am,366,0,0.0
Katherine,2016,Pressure3pm,366,3,0.8197
Katherine,2016,WindDir9am,366,6,1.6393
Katherine,2016,WindGustDir,366,8,2.1858
Katherine,2016,WindGustSpeed,366,8,2.1858
Katherine,2017,Sunshine,176,176,100.0
Katherine,2017,Evaporation,176,18,10.2273
Katherine,2017,Cloud9am,176,10,5.6818
Katherine,2017,Cloud3pm,176,176,100.0
Katherine,2017,Pressure9am,176,0,0.0
Katherine,2017,Pressure3pm,176,0,0.0
Katherine,2017,WindDir9am,176,3,1.7045
Katherine,2017,WindGustDir,176,4,2.2727
Katherine,2017,WindGustSpeed,176,4,2.2727
Launceston,2008,Sunshine,31,31,100.0
Launceston,2008,Evaporation,31,8,25.8065
Launceston,2008,Cloud9am,31,31,100.0
Launceston,2008,Cloud3pm,31,31,100.0
Launceston,2008,Pressure9am,31,0,0.0
Launceston,2008,Pressure3pm,31,0,0.0
Launceston,2008,WindDir9am,31,0,0.0
Launceston,2008,WindGustDir,31,0,0.0
Launceston,2008,WindGustSpeed,31,0,0.0
Launceston,2009,Sunshine,365,365,100.0
Launceston,2009,Evaporation,365,247,67.6712
Launceston,2009,Cloud9am,365,365,100.0
Launceston,2009,Cloud3pm,365,365,100.0
Launceston,2009,Pressure9am,365,0,0.0
Launceston,2009,Pressure3pm,365,1,0.274
Launceston,2009,WindDir9am,365,38,10.411
Launceston,2009,WindGustDir,365,8,2.1918
Launceston,2009,WindGustSpeed,365,7,1.9178
Launceston,2010,Sunshine,365,365,100.0
Launceston,2010,Evaporation,365,365,100.0
Launceston,2010,Cloud9am,365,365,100.0
Launceston,2010,Cloud3pm,365,364,99.726
Launceston,2010,Pressure9am,365,0,0.0
Launceston,2010,Pressure3pm,365,0,0.0
Launceston,2010,WindDir9am,365,49,13.4247
Launceston,2010,WindGustDir,365,0,0.0
Launceston,2010,WindGustSpeed,365,0,0.0
Launceston,2011,Sunshine,335,335,100.0
Launceston,2011,Evaporation,335,335,100.0
Launceston,2011,Cloud9am,335,335,100.0
Launceston,2011,Cloud3pm,335,335,100.0
Launceston,2011,Pressure9am,335,0,0.0
Launceston,2011,Pressure3pm,335,0,0.0
Launceston,2011,WindDir9am,335,59,17.6119
Launceston,2011,WindGustDir,335,3,0.8955
Launceston,2011,WindGustSpeed,335,3,0.8955
Launceston,2012,Sunshine,335,335,100.0
Launceston,2012,Evaporation,335,335,100.0
Launceston,2012,Cloud9am,335,335,100.0
Launceston,2012,Cloud3pm,335,335,100.0
Launceston,2012,Pressure9am,335,0,0.0
Launceston,2012,Pressure3pm,335,0,0.0
Launceston,2012,WindDir9am,335,68,20.2985
Launceston,2012,WindGustDir,335,2,0.597
Launceston,2012,WindGustSpeed,335,2,0.597
Launceston,2013,Sunshine,337,337,100.0
Launceston,2013,Evaporation,337,337,100.0
Launceston,2013,Cloud9am,337,337,100.0
Launceston,2013,Cloud3pm,337,337,100.0
Launceston,2013,Pressure9am,337,0,0.0
Launceston,2013,Pressure3pm,337,0,0.0
Launceston,2013,WindDir9am,337,52,15.4303
Launceston,2013,WindGustDir,337,9,2.6706
Launceston,2013,WindGustSpeed,337,9,2.6706
Launceston,2014,Sunshine,365,365,100.0
Launceston,2014,Evaporation,365,365,100.0
Launceston,2014,Cloud9am,365,210,57.5342
Launceston,2014,Cloud3pm,365,209,57.2603
Launceston,2014,Pressure9am,365,246,67.3973
Launceston,2014,Pressure3pm,365,245,67.1233
Launceston,2014,WindDir9am,365,67,18.3562
Launceston,2014,WindGustDir,365,3,0.8219
Launceston,2014,WindGustSpeed,365,3,0.8219
Launceston,2015,Sunshine,365,365,100.0
Launceston,2015,Evaporation,365,365,100.0
Launceston,2015,Cloud9am,365,147,40.274
Launceston,2015,Cloud3pm,365,135,36.9863
Launceston,2015,Pressure9am,365,365,100.0
Launceston,2015,Pressure3pm,365,365,100.0
Launceston,2015,WindDir9am,365,49,13.4247
Launceston,2015,WindGustDir,365,3,0.8219
Launceston,2015,WindGustSpeed,365,3,0.8219
Launceston,2016,Sunshine,366,366,100.0
Launceston,2016,Evaporation,366,366,100.0
Launceston,2016,Cloud9am,366,120,32.7869
Launceston,2016,Cloud3pm,366,112,30.6011
Launceston,2016,Pressure9am,366,366,100.0
Launceston,2016,Pressure3pm,366,366,100.0
Launceston,2016,WindDir9am,366,45,12.2951
Launceston,2016,WindGustDir,366,2,0.5464
Launceston,2016,WindGustSpeed,366,2,0.5464
Launceston,2017,Sunshine,176,176,100.0
Launceston,2017,Evaporation,176,176,100.0
Launceston,2017,Cloud9am,176,70,39.7727
Launceston,2017,Cloud3pm,176,75,42.6136
Launceston,2017,Pressure9am,176,176,100.0
Launceston,2017,Pressure3pm,176,176,100.0
Launceston,2017,WindDir9am,176,33,18.75
Launceston,2017,WindGustDir,176,4,2.2727
Launceston,2017,WindGustSpeed,176,4,2.2727
Melbourne,2008,Sunshine,184,0,0.0
Melbourne,2008,Evaporation,184,0,0.0
Melbourne,2008,Cloud9am,184,0,0.0
Melbourne,2008,Cloud3pm,184,0,0.0
Melbourne,2008,Pressure9am,184,0,0.0
Melbourne,2008,Pressure3pm,184,0,0.0
Melbourne,2008,WindDir9am,184,2,1.087
Melbourne,2008,WindGustDir,184,0,0.0
Melbourne,2008,WindGustSpeed,184,0,0.0
Melbourne,2009,Sunshine,365,0,0.0
Melbourne,2009,Evaporation,365,0,0.0
Melbourne,2009,Cloud9am,365,1,0.274
Melbourne,2009,Cloud3pm,365,0,0.0
Melbourne,2009,Pressure9am,365,0,0.0
Melbourne,2009,Pressure3pm,365,0,0.0
Melbourne,2009,WindDir9am,365,6,1.6438
Melbourne,2009,WindGustDir,365,3,0.8219
Melbourne,2009,WindGustSpeed,365,3,0.8219
Melbourne,2010,Sunshine,365,1,0.274
Melbourne,2010,Evaporation,365,0,0.0
Melbourne,2010,Cloud9am,365,41,11.2329
Melbourne,2010,Cloud3pm,365,42,11.5068
Melbourne,2010,Pressure9am,365,0,0.0
Melbourne,2010,Pressure3pm,365,0,0.0
Melbourne,2010,WindDir9am,365,5,1.3699
Melbourne,2010,WindGustDir,365,1,0.274
Melbourne,2010,WindGustSpeed,365,1,0.274
Melbourne,2011,Sunshine,335,0,0.0
Melbourne,2011,Evaporation,335,0,0.0
Melbourne,2011,Cloud9am,335,130,38.806
Melbourne,2011,Cloud3pm,335,145,43.2836
Melbourne,2011,Pressure9am,335,0,0.0
Melbourne,2011,Pressure3pm,335,1,0.2985
Melbourne,2011,WindDir9am,335,2,0.597
Melbourne,2011,WindGustDir,335,5,1.4925
Melbourne,2011,WindGustSpeed,335,5,1.4925
Melbourne,2012,Sunshine,335,0,0.0
Melbourne,2012,Evaporation,335,0,0.0
Melbourne,2012,Cloud9am,335,113,33.7313
Melbourne,2012,Cloud3pm,335,122,36.4179
Melbourne,2012,Pressure9am,335,0,0.0
Melbourne,2012,Pressure3pm,335,0,0.0
Melbourne,2012,WindDir9am,335,3,0.8955
Melbourne,2012,WindGustDir,335,1,0.2985
Melbourne,2012,WindGustSpeed,335,1,0.2985
Melbourne,2013,Sunshine,337,0,0.0
Melbourne,2013,Evaporation,337,0,0.0
Melbourne,2013,Cloud9am,337,126,37.3887
Melbourne,2013,Cloud3pm,337,139,41.2463
Melbourne,2013,Pressure9am,337,0,0.0
Melbourne,2013,Pressure3pm,337,1,0.2967
Melbourne,2013,WindDir9am,337,2,0.5935
Melbourne,2013,WindGustDir,337,0,0.0
Melbourne,2013,WindGustSpeed,337,0,0.0
Melbourne,2014,Sunshine,365,0,0.0
Melbourne,2014,Evaporation,365,0,0.0
Melbourne,2014,Cloud9am,365,139,38.0822
Melbourne,2014,Cloud3pm,365,174,47.6712
Melbourne,2014,Pressure9am,365,0,0.0
Melbourne,2014,Pressure3pm,365,0,0.0
Melbourne,2014,WindDir9am,365,6,1.6438
Melbourne,2014,WindGustDir,365,3,0.8219
Melbourne,2014,WindGustSpeed,365,3,0.8219
Melbourne,2015,Sunshine,365,0,0.0
Melbourne,2015,Evaporation,365,2,0.5479
Melbourne,2015,Cloud9am,365,363,99.4521
Melbourne,2015,Cloud3pm,365,363,99.4521
Melbourne,2015,Pressure9am,365,359,98.3562
Melbourne,2015,Pressure3pm,365,360,98.6301
Melbourne,2015,WindDir9am,365,10,2.7397
Melbourne,2015,WindGustDir,365,0,0.0
Melbourne,2015,WindGustSpeed,365,0,0.0
Melbourne,2016,Sunshine,366,0,0.0
Melbourne,2016,Evaporation,366,1,0.2732
Melbourne,2016,Cloud9am,366,121,33.0601
Melbourne,2016,Cloud3pm,366,121,33.0601
Melbourne,2016,Pressure9am,366,121,33.0601
Melbourne,2016,Pressure3pm,366,121,33.0601
Melbourne,2016,WindDir9am,366,9,2.459
Melbourne,2016,WindGustDir,366,0,0.0
Melbourne,2016,WindGustSpeed,366,0,0.0
Melbourne,2017,Sunshine,176,0,0.0
Melbourne,2017,Evaporation,176,0,0.0
Melbourne,2017,Cloud9am,176,0,0.0
Melbourne,2017,Cloud3pm,176,0,0.0
Melbourne,2017,Pressure9am,176,0,0.0
Melbourne,2017,Pressure3pm,176,0,0.0
Melbourne,2017,WindDir9am,176,5,2.8409
Melbourne,2017,WindGustDir,176,1,0.5682
Melbourne,2017,WindGustSpeed,176,1,0.5682
MelbourneAirport,2009,Sunshine,365,0,0.0
MelbourneAirport,2009,Evaporation,365,0,0.0
MelbourneAirport,2009,Cloud9am,365,0,0.0
MelbourneAirport,2009,Cloud3pm,365,0,0.0
MelbourneAirport,2009,Pressure9am,365,0,0.0
MelbourneAirport,2009,Pressure3pm,365,0,0.0
MelbourneAirport,2009,WindDir9am,365,6,1.6438
MelbourneAirport,2009,WindGustDir,365,3,0.8219
MelbourneAirport,2009,WindGustSpeed,365,3,0.8219
MelbourneAirport,2010,Sunshine,365,1,0.274
MelbourneAirport,2010,Evaporation,365,0,0.0
MelbourneAirport,2010,Cloud9am,365,0,0.0
MelbourneAirport,2010,Cloud3pm,365,0,0.0
MelbourneAirport,2010,Pressure9am,365,0,0.0
MelbourneAirport,2010,Pressure3pm,365,0,0.0
MelbourneAirport,2010,WindDir9am,365,5,1.3699
MelbourneAirport,2010,WindGustDir,365,1,0.274
MelbourneAirport,2010,WindGustSpeed,365,1,0.274
MelbourneAirport,2011,Sunshine,335,0,0.0
MelbourneAirport,2011,Evaporation,335,0,0.0
MelbourneAirport,2011,Cloud9am,335,0,0.0
MelbourneAirport,2011,Cloud3pm,335,0,0.0
MelbourneAirport,2011,Pressure9am,335,0,0.0
MelbourneAirport,2011,Pressure3pm,335,0,0.0
MelbourneAirport,2011,WindDir9am,335,2,0.597
MelbourneAirport,2011,WindGustDir,335,5,1.4925
MelbourneAirport,2011,WindGustSpeed,335,5,1.4925
MelbourneAirport,2012,Sunshine,335,0,0.0
MelbourneAirport,2012,Evaporation,335,0,0.0
MelbourneAirport,2012,Cloud9am,335,0,0.0
MelbourneAirport,2012,Cloud3pm,335,0,0.0
MelbourneAirport,2012,Pressure9am,335,0,0.0
MelbourneAirport,2012,Pressure3pm,335,0,0.0
MelbourneAirport,2012,WindDir9am,335,3,0.8955
MelbourneAirport,2012,WindGustDir,335,1,0.2985
MelbourneAirport,2012,WindGustSpeed,335,1,0.2985
MelbourneAirport,2013,Sunshine,337,0,0.0
MelbourneAirport,2013,Evaporation,337,0,0.0
MelbourneAirport,2013,Cloud9am,337,0,0.0
MelbourneAirport,2013,Cloud3pm,337,0,0.0
MelbourneAirport,2013,Pressure9am,337,0,0.0
MelbourneAirport,2013,Pressure3pm,337,0,0.0
MelbourneAirport,2013,WindDir9am,337,2,0.5935
MelbourneAirport,2013,WindGustDir,337,0,0.0
MelbourneAirport,2013,WindGustSpeed,337,0,0.0
MelbourneAirport,2014,Sunshine,365,0,0.0
MelbourneAirport,2014,Evaporation,365,0,0.0
MelbourneAirport,2014,Cloud9am,365,0,0.0
MelbourneAirport,2014,Cloud3pm,365,0,0.0
MelbourneAirport,2014,Pressure9am,365,0,0.0
MelbourneAirport,2014,Pressure3pm,365,0,0.0
MelbourneAirport,2014,WindDir9am,365,6,1.6438
MelbourneAirport,2014,WindGustDir,365,3,0.8219
MelbourneAirport,2014,WindGustSpeed,365,3,0.8219
MelbourneAirport,2015,Sunshine,365,0,0.0
MelbourneAirport,2015,Evaporation,365,2,0.5479
MelbourneAirport,2015,Cloud9am,365,0,0.0
MelbourneAirport,2015,Cloud3pm,365,1,0.274
MelbourneAirport,2015,Pressure9am,365,0,0.0
MelbourneAirport,2015,Pressure3pm,365,0,0.0
MelbourneAirport,2015,WindDir9am,365,10,2.7397
MelbourneAirport,2015,WindGustDir,365,0,0.0
MelbourneAirport,2015,WindGustSpeed,365,0,0.0
MelbourneAirport,2016,Sunshine,366,0,0.0
MelbourneAirport,2016,Evaporation,366,1,0.2732
MelbourneAirport,2016,Cloud9am,366,0,0.0
MelbourneAirport,2016,Cloud3pm,366,0,0.0
MelbourneAirport,2016,Pressure9am,366,0,0.0
MelbourneAirport,2016,Pressure3pm,366,0,0.0
MelbourneAirport,2016,WindDir9am,366,6,1.6393
MelbourneAirport,2016,WindGustDir,366,0,0.0
MelbourneAirport,2016,WindGustSpeed,366,0,0.0
MelbourneAirport,2017,Sunshine,176,0,0.0
MelbourneAirport,2017,Evaporation,176,0,0.0
MelbourneAirport,2017,Cloud9am,176,0,0.0
MelbourneAirport,2017,Cloud3pm,176,0,0.0
MelbourneAirport,2017,Pressure9am,176,0,0.0
MelbourneAirport,2017,Pressure3pm,176,0,0.0
MelbourneAirport,2017,WindDir9am,176,0,0.0
MelbourneAirport,2017,WindGustDir,176,2,1.1364
MelbourneAirport,2017,WindGustSpeed,176,2,1.1364
Mildura,2009,Sunshine,365,0,0.0
Mildura,2009,Evaporation,365,0,0.0
Mildura,2009,Cloud9am,365,1,0.274
Mildura,2009,Cloud3pm,365,3,0.8219
Mildura,2009,Pressure9am,365,0,0.0
Mildura,2009,Pressure3pm,365,0,0.0
Mildura,2009,WindDir9am,365,5,1.3699
Mildura,2009,WindGustDir,365,0,0.0
Mildura,2009,WindGustSpeed,365,0,0.0
Mildura,2010,Sunshine,365,2,0.5479
Mildura,2010,Evaporation,365,1,0.274
Mildura,2010,Cloud9am,365,1,0.274
Mildura,2010,Cloud3pm,365,5,1.3699
Mildura,2010,Pressure9am,365,2,0.5479
Mildura,2010,Pressure3pm,365,0,0.0
Mildura,2010,WindDir9am,365,18,4.9315
Mildura,2010,WindGustDir,365,1,0.274
Mildura,2010,WindGustSpeed,365,1,0.274
Mildura,2011,Sunshine,335,0,0.0
Mildura,2011,Evaporation,335,1,0.2985
Mildura,2011,Cloud9am,335,0,0.0
Mildura,2011,Cloud3pm,335,3,0.8955
Mildura,2011,Pressure9am,335,0,0.0
Mildura,2011,Pressure3pm,335,0,0.0
Mildura,2011,WindDir9am,335,10,2.9851
Mildura,2011,WindGustDir,335,1,0.2985
Mildura,2011,WindGustSpeed,335,1,0.2985
Mildura,2012,Sunshine,335,10,2.9851
Mildura,2012,Evaporation,335,8,2.3881
Mildura,2012,Cloud9am,335,11,3.2836
Mildura,2012,Cloud3pm,335,8,2.3881
Mildura,2012,Pressure9am,335,0,0.0
Mildura,2012,Pressure3pm,335,0,0.0
Mildura,2012,WindDir9am,335,10,2.9851
Mildura,2012,WindGustDir,335,1,0.2985
Mildura,2012,WindGustSpeed,335,1,0.2985
Mildura,2013,Sunshine,337,0,0.0
Mildura,2013,Evaporation,337,2,0.5935
Mildura,2013,Cloud9am,337,7,2.0772
Mildura,2013,Cloud3pm,337,10,2.9674
Mildura,2013,Pressure9am,337,1,0.2967
Mildura,2013,Pressure3pm,337,1,0.2967
Mildura,2013,WindDir9am,337,9,2.6706
Mildura,2013,WindGustDir,337,0,0.0
Mildura,2013,WindGustSpeed,337,0,0.0
Mildura,2014,Sunshine,365,9,2.4658
Mildura,2014,Evaporation,365,5,1.3699
Mildura,2014,Cloud9am,365,2,0.5479
Mildura,2014,Cloud3pm,365,1,0.274
Mildura,2014,Pressure9am,365,0,0.0
Mildura,2014,Pressure3pm,365,0,0.0
Mildura,2014,WindDir9am,365,8,2.1918
Mildura,2014,WindGustDir,365,0,0.0
Mildura,2014,WindGustSpeed,365,0,0.0
Mildura,2015,Sunshine,365,27,7.3973
Mildura,2015,Evaporation,365,16,4.3836
Mildura,2015,Cloud9am,365,9,2.4658
Mildura,2015,Cloud3pm,365,17,4.6575
Mildura,2015,Pressure9am,365,0,0.0
Mildura,2015,Pressure3pm,365,0,0.0
Mildura,2015,WindDir9am,365,11,3.0137
Mildura,2015,WindGustDir,365,1,0.274
Mildura,2015,WindGustSpeed,365,1,0.274
Mildura,2016,Sunshine,366,29,7.9235
Mildura,2016,Evaporation,366,38,10.3825
Mildura,2016,Cloud9am,366,20,5.4645
Mildura,2016,Cloud3pm,366,52,14.2077
Mildura,2016,Pressure9am,366,1,0.2732
Mildura,2016,Pressure3pm,366,1,0.2732
Mildura,2016,WindDir9am,366,8,2.1858
Mildura,2016,WindGustDir,366,0,0.0
Mildura,2016,WindGustSpeed,366,0,0.0
Mildura,2017,Sunshine,176,56,31.8182
Mildura,2017,Evaporation,176,46,26.1364
Mildura,2017,Cloud9am,176,33,18.75
Mildura,2017,Cloud3pm,176,49,27.8409
Mildura,2017,Pressure9am,176,0,0.0
Mildura,2017,Pressure3pm,176,0,0.0
Mildura,2017,WindDir9am,176,13,7.3864
Mildura,2017,WindGustDir,176,1,0.5682
Mildura,2017,WindGustSpeed,176,1,0.5682
Moree,2009,Sunshine,365,0,0.0
Moree,2009,Evaporation,365,0,0.0
Moree,2009,Cloud9am,365,0,0.0
Moree,2009,Cloud3pm,365,1,0.274
Moree,2009,Pressure9am,365,0,0.0
Moree,2009,Pressure3pm,365,0,0.0
Moree,2009,WindDir9am,365,11,3.0137
Moree,2009,WindGustDir,365,1,0.274
Moree,2009,WindGustSpeed,365,1,0.274
Moree,2010,Sunshine,365,0,0.0
Moree,2010,Evaporation,365,3,0.8219
Moree,2010,Cloud9am,365,0,0.0
Moree,2010,Cloud3pm,365,3,0.8219
Moree,2010,Pressure9am,365,0,0.0
Moree,2010,Pressure3pm,365,0,0.0
Moree,2010,WindDir9am,365,9,2.4658
Moree,2010,WindGustDir,365,13,3.5616
Moree,2010,WindGustSpeed,365,12,3.2877
Moree,2011,Sunshine,335,32,9.5522
Moree,2011,Evaporation,335,20,5.9701
Moree,2011,Cloud9am,335,13,3.8806
Moree,2011,Cloud3pm,335,13,3.8806
Moree,2011,Pressure9am,335,0,0.0
Moree,2011,Pressure3pm,335,0,0.0
Moree,2011,WindDir9am,335,5,1.4925
Moree,2011,WindGustDir,335,4,1.194
Moree,2011,WindGustSpeed,335,4,1.194
Moree,2012,Sunshine,335,40,11.9403
Moree,2012,Evaporation,335,24,7.1642
Moree,2012,Cloud9am,335,20,5.9701
Moree,2012,Cloud3pm,335,16,4.7761
Moree,2012,Pressure9am,335,0,0.0
Moree,2012,Pressure3pm,335,1,0.2985
Moree,2012,WindDir9am,335,14,4.1791
Moree,2012,WindGustDir,335,12,3.5821
Moree,2012,WindGustSpeed,335,12,3.5821
Moree,2013,Sunshine,337,15,4.451
Moree,2013,Evaporation,337,10,2.9674
Moree,2013,Cloud9am,337,6,1.7804
Moree,2013,Cloud3pm,337,10,2.9674
Moree,2013,Pressure9am,337,0,0.0
Moree,2013,Pressure3pm,337,0,0.0
Moree,2013,WindDir9am,337,14,4.1543
Moree,2013,WindGustDir,337,10,2.9674
Moree,2013,WindGustSpeed,337,10,2.9674
Moree,2014,Sunshine,365,169,46.3014
Moree,2014,Evaporation,365,119,32.6027
Moree,2014,Cloud9am,365,87,23.8356
Moree,2014,Cloud3pm,365,66,18.0822
Moree,2014,Pressure9am,365,0,0.0
Moree,2014,Pressure3pm,365,0,0.0
Moree,2014,WindDir9am,365,10,2.7397
Moree,2014,WindGustDir,365,3,0.8219
Moree,2014,WindGustSpeed,365,3,0.8219
Moree,2015,Sunshine,365,205,56.1644
Moree,2015,Evaporation,365,146,40.0
Moree,2015,Cloud9am,365,102,27.9452
Moree,2015,Cloud3pm,365,75,20.5479
Moree,2015,Pressure9am,365,0,0.0
Moree,2015,Pressure3pm,365,0,0.0
Moree,2015,WindDir9am,365,14,3.8356
Moree,2015,WindGustDir,365,6,1.6438
Moree,2015,WindGustSpeed,365,6,1.6438
Moree,2016,Sunshine,366,317,86.612
Moree,2016,Evaporation,366,219,59.8361
Moree,2016,Cloud9am,366,185,50.5464
Moree,2016,Cloud3pm,366,135,36.8852
Moree,2016,Pressure9am,366,0,0.0
Moree,2016,Pressure3pm,366,0,0.0
Moree,2016,WindDir9am,366,29,7.9235
Moree,2016,WindGustDir,366,29,7.9235
Moree,2016,WindGustSpeed,366,29,7.9235
Moree,2017,Sunshine,176,176,100.0
Moree,2017,Evaporation,176,176,100.0
Moree,2017,Cloud9am,176,125,71.0227
Moree,2017,Cloud3pm,176,85,48.2955
Moree,2017,Pressure9am,176,0,0.0
Moree,2017,Pressure3pm,176,0,0.0
Moree,2017,WindDir9am,176,2,1.1364
Moree,2017,WindGustDir,176,0,0.0
Moree,2017,WindGustSpeed,176,0,0.0
MountGambier,2008,Sunshine,31,0,0.0
MountGambier,2008,Evaporation,31,1,3.2258
MountGambier,2008,Cloud9am,31,0,0.0
MountGambier,2008,Cloud3pm,31,0,0.0
MountGambier,2008,Pressure9am,31,0,0.0
MountGambier,2008,Pressure3pm,31,0,0.0
MountGambier,2008,WindDir9am,31,1,3.2258
MountGambier,2008,WindGustDir,31,0,0.0
MountGambier,2008,WindGustSpeed,31,0,0.0
MountGambier,2009,Sunshine,365,0,0.0
MountGambier,2009,Evaporation,365,0,0.0
MountGambier,2009,Cloud9am,365,0,0.0
MountGambier,2009,Cloud3pm,365,1,0.274
MountGambier,2009,Pressure9am,365,0,0.0
MountGambier,2009,Pressure3pm,365,0,0.0
MountGambier,2009,WindDir9am,365,13,3.5616
MountGambier,2009,WindGustDir,365,2,0.5479
MountGambier,2009,WindGustSpeed,365,2,0.5479
MountGambier,2010,Sunshine,365,0,0.0
MountGambier,2010,Evaporation,365,0,0.0
MountGambier,2010,Cloud9am,365,0,0.0
MountGambier,2010,Cloud3pm,365,1,0.274
MountGambier,2010,Pressure9am,365,0,0.0
MountGambier,2010,Pressure3pm,365,0,0.0
MountGambier,2010,WindDir9am,365,14,3.8356
MountGambier,2010,WindGustDir,365,1,0.274
MountGambier,2010,WindGustSpeed,365,1,0.274
MountGambier,2011,Sunshine,335,4,1.194
MountGambier,2011,Evaporation,335,7,2.0896
MountGambier,2011,Cloud9am,335,2,0.597
MountGambier,2011,Cloud3pm,335,4,1.194
MountGambier,2011,Pressure9am,335,0,0.0
MountGambier,2011,Pressure3pm,335,2,0.597
MountGambier,2011,WindDir9am,335,9,2.6866
MountGambier,2011,WindGustDir,335,2,0.597
MountGambier,2011,WindGustSpeed,335,2,0.597
MountGambier,2012,Sunshine,335,4,1.194
MountGambier,2012,Evaporation,335,2,0.597
MountGambier,2012,Cloud9am,335,1,0.2985
MountGambier,2012,Cloud3pm,335,4,1.194
MountGambier,2012,Pressure9am,335,0,0.0
MountGambier,2012,Pressure3pm,335,0,0.0
MountGambier,2012,WindDir9am,335,6,1.791
MountGambier,2012,WindGustDir,335,5,1.4925
MountGambier,2012,WindGustSpeed,335,5,1.4925
MountGambier,2013,Sunshine,337,2,0.5935
MountGambier,2013,Evaporation,337,2,0.5935
MountGambier,2013,Cloud9am,337,2,0.5935
MountGambier,2013,Cloud3pm,337,4,1.1869
MountGambier,2013,Pressure9am,337,1,0.2967
MountGambier,2013,Pressure3pm,337,1,0.2967
MountGambier,2013,WindDir9am,337,6,1.7804
MountGambier,2013,WindGustDir,337,2,0.5935
MountGambier,2013,WindGustSpeed,337,2,0.5935
MountGambier,2014,Sunshine,365,4,1.0959
MountGambier,2014,Evaporation,365,2,0.5479
MountGambier,2014,Cloud9am,365,0,0.0
MountGambier,2014,Cloud3pm,365,1,0.274
MountGambier,2014,Pressure9am,365,0,0.0
MountGambier,2014,Pressure3pm,365,1,0.274
MountGambier,2014,WindDir9am,365,15,4.1096
MountGambier,2014,WindGustDir,365,19,5.2055
MountGambier,2014,WindGustSpeed,365,18,4.9315
MountGambier,2015,Sunshine,365,0,0.0
MountGambier,2015,Evaporation,365,2,0.5479
MountGambier,2015,Cloud9am,365,2,0.5479
MountGambier,2015,Cloud3pm,365,6,1.6438
MountGambier,2015,Pressure9am,365,0,0.0
MountGambier,2015,Pressure3pm,365,0,0.0
MountGambier,2015,WindDir9am,365,5,1.3699
MountGambier,2015,WindGustDir,365,0,0.0
MountGambier,2015,WindGustSpeed,365,0,0.0
MountGambier,2016,Sunshine,366,253,69.1257
MountGambier,2016,Evaporation,366,218,59.5628
MountGambier,2016,Cloud9am,366,54,14.7541
MountGambier,2016,Cloud3pm,366,39,10.6557
MountGambier,2016,Pressure9am,366,0,0.0
MountGambier,2016,Pressure3pm,366,1,0.2732
MountGambier,2016,WindDir9am,366,7,1.9126
MountGambier,2016,WindGustDir,366,10,2.7322
MountGambier,2016,WindGustSpeed,366,10,2.7322
MountGambier,2017,Sunshine,176,176,100.0
MountGambier,2017,Evaporation,176,176,100.0
MountGambier,2017,Cloud9am,176,49,27.8409
MountGambier,2017,Cloud3pm,176,50,28.4091
MountGambier,2017,Pressure9am,176,1,0.5682
MountGambier,2017,Pressure3pm,176,0,0.0
MountGambier,2017,WindDir9am,176,8,4.5455
MountGambier,2017,WindGustDir,176,12,6.8182
MountGambier,2017,WindGustSpeed,176,12,6.8182
MountGinini,2008,Sunshine,31,31,100.0
MountGinini,2008,Evaporation,31,31,100.0
MountGinini,2008,Cloud9am,31,31,100.0
MountGinini,2008,Cloud3pm,31,31,100.0
MountGinini,2008,Pressure9am,31,31,100.0
MountGinini,2008,Pressure3pm,31,31,100.0
MountGinini,2008,WindDir9am,31,12,38.7097
MountGinini,2008,WindGustDir,31,31,100.0
MountGinini,2008,WindGustSpeed,31,31,100.0
MountGinini,2009,Sunshine,365,365,100.0
MountGinini,2009,Evaporation,365,365,100.0
MountGinini,2009,Cloud9am,365,365,100.0
MountGinini,2009,Cloud3pm,365,365,100.0
MountGinini,2009,Pressure9am,365,365,100.0
MountGinini,2009,Pressure3pm,365,365,100.0
MountGinini,2009,WindDir9am,365,92,25.2055
MountGinini,2009,WindGustDir,365,163,44.6575
MountGinini,2009,WindGustSpeed,365,163,44.6575
MountGinini,2010,Sunshine,365,365,100.0
MountGinini,2010,Evaporation,365,365,100.0
MountGinini,2010,Cloud9am,365,365,100.0
MountGinini,2010,Cloud3pm,365,365,100.0
MountGinini,2010,Pressure9am,365,365,100.0
MountGinini,2010,Pressure3pm,365,365,100.0
MountGinini,2010,WindDir9am,365,94,25.7534
MountGinini,2010,WindGustDir,365,87,23.8356
MountGinini,2010,WindGustSpeed,365,87,23.8356
MountGinini,2011,Sunshine,335,335,100.0
MountGinini,2011,Evaporation,335,335,100.0
MountGinini,2011,Cloud9am,335,335,100.0
MountGinini,2011,Cloud3pm,335,335,100.0
MountGinini,2011,Pressure9am,335,335,100.0
MountGinini,2011,Pressure3pm,335,335,100.0
MountGinini,2011,WindDir9am,335,14,4.1791
MountGinini,2011,WindGustDir,335,9,2.6866
MountGinini,2011,WindGustSpeed,335,9,2.6866
MountGinini,2012,Sunshine,335,335,100.0
MountGinini,2012,Evaporation,335,335,100.0
MountGinini,2012,Cloud9am,335,335,100.0
MountGinini,2012,Cloud3pm,335,335,100.0
MountGinini,2012,Pressure9am,335,335,100.0
MountGinini,2012,Pressure3pm,335,335,100.0
MountGinini,2012,WindDir9am,335,22,6.5672
MountGinini,2012,WindGustDir,335,19,5.6716
MountGinini,2012,WindGustSpeed,335,19,5.6716
MountGinini,2013,Sunshine,337,337,100.0
MountGinini,2013,Evaporation,337,337,100.0
MountGinini,2013,Cloud9am,337,337,100.0
MountGinini,2013,Cloud3pm,337,337,100.0
MountGinini,2013,Pressure9am,337,337,100.0
MountGinini,2013,Pressure3pm,337,337,100.0
MountGinini,2013,WindDir9am,337,5,1.4837
MountGinini,2013,WindGustDir,337,3,0.8902
MountGinini,2013,WindGustSpeed,337,3,0.8902
MountGinini,2014,Sunshine,365,365,100.0
MountGinini,2014,Evaporation,365,365,100.0
MountGinini,2014,Cloud9am,365,365,100.0
MountGinini,2014,Cloud3pm,365,365,100.0
MountGinini,2014,Pressure9am,365,365,100.0
MountGinini,2014,Pressure3pm,365,365,100.0
MountGinini,2014,WindDir9am,365,9,2.4658
MountGinini,2014,WindGustDir,365,5,1.3699
MountGinini,2014,WindGustSpeed,365,5,1.3699
MountGinini,2015,Sunshine,365,365,100.0
MountGinini,2015,Evaporation,365,365,100.0
MountGinini,2015,Cloud9am,365,365,100.0
MountGinini,2015,Cloud3pm,365,365,100.0
MountGinini,2015,Pressure9am,365,365,100.0
MountGinini,2015,Pressure3pm,365,365,100.0
MountGinini,2015,WindDir9am,365,0,0.0
MountGinini,2015,WindGustDir,365,0,0.0
MountGinini,2015,WindGustSpeed,365,0,0.0
MountGinini,2016,Sunshine,366,366,100.0
MountGinini,2016,Evaporation,366,366,100.0
MountGinini,2016,Cloud9am,366,366,100.0
MountGinini,2016,Cloud3pm,366,366,100.0
MountGinini,2016,Pressure9am,366,366,100.0
MountGinini,2016,Pressure3pm,366,366,100.0
MountGinini,2016,WindDir9am,366,1,0.2732
MountGinini,2016,WindGustDir,366,1,0.2732
MountGinini,2016,WindGustSpeed,366,1,0.2732
MountGinini,2017,Sunshine,176,176,100.0
MountGinini,2017,Evaporation,176,176,100.0
MountGinini,2017,Cloud9am,176,176,100.0
MountGinini,2017,Cloud3pm,176,176,100.0
MountGinini,2017,Pressure9am,176,176,100.0
MountGinini,2017,Pressure3pm,176,176,100.0
MountGinini,2017,WindDir9am,176,1,0.5682
MountGinini,2017,WindGustDir,176,1,0.5682
MountGinini,2017,WindGustSpeed,176,1,0.5682
Newcastle,2008,Sunshine,31,31,100.0
Newcastle,2008,Evaporation,31,31,100.0
Newcastle,2008,Cloud9am,31,3,9.6774
Newcastle,2008,Cloud3pm,31,4,12.9032
Newcastle,2008,Pressure9am,31,31,100.0
Newcastle,2008,Pressure3pm,31,31,100.0
Newcastle,2008,WindDir9am,31,10,32.2581
Newcastle,2008,WindGustDir,31,31,100.0
Newcastle,2008,WindGustSpeed,31,31,100.0
Newcastle,2009,Sunshine,365,365,100.0
Newcastle,2009,Evaporation,365,365,100.0
Newcastle,2009,Cloud9am,365,22,6.0274
Newcastle,2009,Cloud3pm,365,35,9.589
Newcastle,2009,Pressure9am,365,365,100.0
Newcastle,2009,Pressure3pm,365,365,100.0
Newcastle,2009,WindDir9am,365,152,41.6438
Newcastle,2009,WindGustDir,365,365,100.0
Newcastle,2009,WindGustSpeed,365,365,100.0
Newcastle,2010,Sunshine,365,365,100.0
Newcastle,2010,Evaporation,365,365,100.0
Newcastle,2010,Cloud9am,365,36,9.863
Newcastle,2010,Cloud3pm,365,50,13.6986
Newcastle,2010,Pressure9am,365,365,100.0
Newcastle,2010,Pressure3pm,365,365,100.0
Newcastle,2010,WindDir9am,365,158,43.2877
Newcastle,2010,WindGustDir,365,365,100.0
Newcastle,2010,WindGustSpeed,365,365,100.0
Newcastle,2011,Sunshine,335,335,100.0
Newcastle,2011,Evaporation,335,335,100.0
Newcastle,2011,Cloud9am,335,25,7.4627
Newcastle,2011,Cloud3pm,335,36,10.7463
Newcastle,2011,Pressure9am,335,335,100.0
Newcastle,2011,Pressure3pm,335,335,100.0
Newcastle,2011,WindDir9am,335,138,41.194
Newcastle,2011,WindGustDir,335,335,100.0
Newcastle,2011,WindGustSpeed,335,335,100.0
Newcastle,2012,Sunshine,335,335,100.0
Newcastle,2012,Evaporation,335,335,100.0
Newcastle,2012,Cloud9am,335,31,9.2537
Newcastle,2012,Cloud3pm,335,44,13.1343
Newcastle,2012,Pressure9am,335,335,100.0
Newcastle,2012,Pressure3pm,335,335,100.0
Newcastle,2012,WindDir9am,335,162,48.3582
Newcastle,2012,WindGustDir,335,335,100.0
Newcastle,2012,WindGustSpeed,335,335,100.0
Newcastle,2013,Sunshine,337,337,100.0
Newcastle,2013,Evaporation,337,337,100.0
Newcastle,2013,Cloud9am,337,27,8.0119
Newcastle,2013,Cloud3pm,337,31,9.1988
Newcastle,2013,Pressure9am,337,337,100.0
Newcastle,2013,Pressure3pm,337,337,100.0
Newcastle,2013,WindDir9am,337,167,49.5549
Newcastle,2013,WindGustDir,337,337,100.0
Newcastle,2013,WindGustSpeed,337,337,100.0
Newcastle,2014,Sunshine,365,365,100.0
Newcastle,2014,Evaporation,365,365,100.0
Newcastle,2014,Cloud9am,365,21,5.7534
Newcastle,2014,Cloud3pm,365,26,7.1233
Newcastle,2014,Pressure9am,365,365,100.0
Newcastle,2014,Pressure3pm,365,365,100.0
Newcastle,2014,WindDir9am,365,179,49.0411
Newcastle,2014,WindGustDir,365,365,100.0
Newcastle,2014,WindGustSpeed,365,365,100.0
Newcastle,2015,Sunshine,365,365,100.0
Newcastle,2015,Evaporation,365,365,100.0
Newcastle,2015,Cloud9am,365,22,6.0274
Newcastle,2015,Cloud3pm,365,166,45.4795
Newcastle,2015,Pressure9am,365,365,100.0
Newcastle,2015,Pressure3pm,365,365,100.0
Newcastle,2015,WindDir9am,365,189,51.7808
Newcastle,2015,WindGustDir,365,365,100.0
Newcastle,2015,WindGustSpeed,365,365,100.0
Newcastle,2016,Sunshine,366,366,100.0
Newcastle,2016,Evaporation,366,366,100.0
Newcastle,2016,Cloud9am,366,34,9.2896
Newcastle,2016,Cloud3pm,366,366,100.0
Newcastle,2016,Pressure9am,366,366,100.0
Newcastle,2016,Pressure3pm,366,366,100.0
Newcastle,2016,WindDir9am,366,186,50.8197
Newcastle,2016,WindGustDir,366,366,100.0
Newcastle,2016,WindGustSpeed,366,366,100.0
Newcastle,2017,Sunshine,175,175,100.0
Newcastle,2017,Evaporation,175,175,100.0
Newcastle,2017,Cloud9am,175,20,11.4286
Newcastle,2017,Cloud3pm,175,175,100.0
Newcastle,2017,Pressure9am,175,175,100.0
Newcastle,2017,Pressure3pm,175,175,100.0
Newcastle,2017,WindDir9am,175,80,45.7143
Newcastle,2017,WindGustDir,175,175,100.0
Newcastle,2017,WindGustSpeed,175,175,100.0
Nhil,2013,Sunshine,306,306,100.0
Nhil,2013,Evaporation,306,306,100.0
Nhil,2013,Cloud9am,306,306,100.0
Nhil,2013,Cloud3pm,306,306,100.0
Nhil,2013,Pressure9am,306,0,0.0
Nhil,2013,Pressure3pm,306,0,0.0
Nhil,2013,WindDir9am,306,10,3.268
Nhil,2013,WindGustDir,306,0,0.0
Nhil,2013,WindGustSpeed,306,0,0.0
Nhil,2014,Sunshine,365,365,100.0
Nhil,2014,Evaporation,365,365,100.0
Nhil,2014,Cloud9am,365,365,100.0
Nhil,2014,Cloud3pm,365,365,100.0
Nhil,2014,Pressure9am,365,5,1.3699
Nhil,2014,Pressure3pm,365,5,1.3699
Nhil,2014,WindDir9am,365,20,5.4795
Nhil,2014,WindGustDir,365,8,2.1918
Nhil,2014,WindGustSpeed,365,8,2.1918
Nhil,2015,Sunshine,365,365,100.0
Nhil,2015,Evaporation,365,365,100.0
Nhil,2015,Cloud9am,365,365,100.0
Nhil,2015,Cloud3pm,365,365,100.0
Nhil,2015,Pressure9am,365,0,0.0
Nhil,2015,Pressure3pm,365,0,0.0
Nhil,2015,WindDir9am,365,7,1.9178
Nhil,2015,WindGustDir,365,1,0.274
Nhil,2015,WindGustSpeed,365,1,0.274
Nhil,2016,Sunshine,366,366,100.0
Nhil,2016,Evaporation,366,366,100.0
Nhil,2016,Cloud9am,366,366,100.0
Nhil,2016,Cloud3pm,366,366,100.0
Nhil,2016,Pressure9am,366,0,0.0
Nhil,2016,Pressure3pm,366,0,0.0
Nhil,2016,WindDir9am,366,8,2.1858
Nhil,2016,WindGustDir,366,1,0.2732
Nhil,2016,WindGustSpeed,366,1,0.2732
Nhil,2017,Sunshine,176,176,100.0
Nhil,2017,Evaporation,176,176,100.0
Nhil,2017,Cloud9am,176,176,100.0
Nhil,2017,Cloud3pm,176,176,100.0
Nhil,2017,Pressure9am,176,0,0.0
Nhil,2017,Pressure3pm,176,0,0.0
Nhil,2017,WindDir9am,176,5,2.8409
Nhil,2017,WindGustDir,176,1,0.5682
Nhil,2017,WindGustSpeed,176,1,0.5682
NorahHead,2009,Sunshine,365,365,100.0
NorahHead,2009,Evaporation,365,365,100.0
NorahHead,2009,Cloud9am,365,365,100.0
NorahHead,2009,Cloud3pm,365,365,100.0
NorahHead,2009,Pressure9am,365,15,4.1096
NorahHead,2009,Pressure3pm,365,11,3.0137
NorahHead,2009,WindDir9am,365,16,4.3836
NorahHead,2009,WindGustDir,365,18,4.9315
NorahHead,2009,WindGustSpeed,365,18,4.9315
NorahHead,2010,Sunshine,365,365,100.0
NorahHead,2010,Evaporation,365,365,100.0
NorahHead,2010,Cloud9am,365,365,100.0
NorahHead,2010,Cloud3pm,365,365,100.0
NorahHead,2010,Pressure9am,365,9,2.4658
NorahHead,2010,Pressure3pm,365,7,1.9178
NorahHead,2010,WindDir9am,365,23,6.3014
NorahHead,2010,WindGustDir,365,16,4.3836
NorahHead,2010,WindGustSpeed,365,16,4.3836
NorahHead,2011,Sunshine,335,335,100.0
NorahHead,2011,Evaporation,335,335,100.0
NorahHead,2011,Cloud9am,335,335,100.0
NorahHead,2011,Cloud3pm,335,335,100.0
NorahHead,2011,Pressure9am,335,0,0.0
NorahHead,2011,Pressure3pm,335,1,0.2985
NorahHead,2011,WindDir9am,335,4,1.194
NorahHead,2011,WindGustDir,335,3,0.8955
NorahHead,2011,WindGustSpeed,335,3,0.8955
NorahHead,2012,Sunshine,335,335,100.0
NorahHead,2012,Evaporation,335,335,100.0
NorahHead,2012,Cloud9am,335,335,100.0
NorahHead,2012,Cloud3pm,335,335,100.0
NorahHead,2012,Pressure9am,335,0,0.0
NorahHead,2012,Pressure3pm,335,0,0.0
NorahHead,2012,WindDir9am,335,10,2.9851
NorahHead,2012,WindGustDir,335,1,0.2985
NorahHead,2012,WindGustSpeed,335,1,0.2985
NorahHead,2013,Sunshine,332,332,100.0
NorahHead,2013,Evaporation,332,332,100.0
NorahHead,2013,Cloud9am,332,332,100.0
NorahHead,2013,Cloud3pm,332,332,100.0
NorahHead,2013,Pressure9am,332,3,0.9036
NorahHead,2013,Pressure3pm,332,2,0.6024
NorahHead,2013,WindDir9am,332,14,4.2169
NorahHead,2013,WindGustDir,332,5,1.506
NorahHead,2013,WindGustSpeed,332,5,1.506
NorahHead,2014,Sunshine,365,365,100.0
NorahHead,2014,Evaporation,365,365,100.0
NorahHead,2014,Cloud9am,365,365,100.0
NorahHead,2014,Cloud3pm,365,365,100.0
NorahHead,2014,Pressure9am,365,6,1.6438
NorahHead,2014,Pressure3pm,365,5,1.3699
NorahHead,2014,WindDir9am,365,19,5.2055
NorahHead,2014,WindGustDir,365,7,1.9178
NorahHead,2014,WindGustSpeed,365,7,1.9178
NorahHead,2015,Sunshine,365,365,100.0
NorahHead,2015,Evaporation,365,365,100.0
NorahHead,2015,Cloud9am,365,365,100.0
NorahHead,2015,Cloud3pm,365,365,100.0
NorahHead,2015,Pressure9am,365,1,0.274
NorahHead,2015,Pressure3pm,365,0,0.0
NorahHead,2015,WindDir9am,365,9,2.4658
NorahHead,2015,WindGustDir,365,3,0.8219
NorahHead,2015,WindGustSpeed,365,3,0.8219
NorahHead,2016,Sunshine,366,366,100.0
NorahHead,2016,Evaporation,366,366,100.0
NorahHead,2016,Cloud9am,366,366,100.0
NorahHead,2016,Cloud3pm,366,366,100.0
NorahHead,2016,Pressure9am,366,0,0.0
NorahHead,2016,Pressure3pm,366,0,0.0
NorahHead,2016,WindDir9am,366,3,0.8197
NorahHead,2016,WindGustDir,366,1,0.2732
NorahHead,2016,WindGustSpeed,366,1,0.2732
NorahHead,2017,Sunshine,176,176,100.0
NorahHead,2017,Evaporation,176,176,100.0
NorahHead,2017,Cloud9am,176,176,100.0
NorahHead,2017,Cloud3pm,176,176,100.0
NorahHead,2017,Pressure9am,176,0,0.0
NorahHead,2017,Pressure3pm,176,0,0.0
NorahHead,2017,WindDir9am,176,9,5.1136
NorahHead,2017,WindGustDir,176,0,0.0
NorahHead,2017,WindGustSpeed,176,0,0.0
NorfolkIsland,2009,Sunshine,365,1,0.274
NorfolkIsland,2009,Evaporation,365,2,0.5479
NorfolkIsland,2009,Cloud9am,365,1,0.274
NorfolkIsland,2009,Cloud3pm,365,0,0.0
NorfolkIsland,2009,Pressure9am,365,1,0.274
NorfolkIsland,2009,Pressure3pm,365,0,0.0
NorfolkIsland,2009,WindDir9am,365,8,2.1918
NorfolkIsland,2009,WindGustDir,365,3,0.8219
NorfolkIsland,2009,WindGustSpeed,365,2,0.5479
NorfolkIsland,2010,Sunshine,365,2,0.5479
NorfolkIsland,2010,Evaporation,365,1,0.274
NorfolkIsland,2010,Cloud9am,365,0,0.0
NorfolkIsland,2010,Cloud3pm,365,0,0.0
NorfolkIsland,2010,Pressure9am,365,1,0.274
NorfolkIsland,2010,Pressure3pm,365,0,0.0
NorfolkIsland,2010,WindDir9am,365,2,0.5479
NorfolkIsland,2010,WindGustDir,365,0,0.0
NorfolkIsland,2010,WindGustSpeed,365,0,0.0
NorfolkIsland,2011,Sunshine,335,2,0.597
NorfolkIsland,2011,Evaporation,335,8,2.3881
NorfolkIsland,2011,Cloud9am,335,1,0.2985
NorfolkIsland,2011,Cloud3pm,335,0,0.0
NorfolkIsland,2011,Pressure9am,335,1,0.2985
NorfolkIsland,2011,Pressure3pm,335,0,0.0
NorfolkIsland,2011,WindDir9am,335,2,0.597
NorfolkIsland,2011,WindGustDir,335,4,1.194
NorfolkIsland,2011,WindGustSpeed,335,4,1.194
NorfolkIsland,2012,Sunshine,335,2,0.597
NorfolkIsland,2012,Evaporation,335,7,2.0896
NorfolkIsland,2012,Cloud9am,335,1,0.2985
NorfolkIsland,2012,Cloud3pm,335,0,0.0
NorfolkIsland,2012,Pressure9am,335,0,0.0
NorfolkIsland,2012,Pressure3pm,335,0,0.0
NorfolkIsland,2012,WindDir9am,335,3,0.8955
NorfolkIsland,2012,WindGustDir,335,8,2.3881
NorfolkIsland,2012,WindGustSpeed,335,8,2.3881
NorfolkIsland,2013,Sunshine,337,0,0.0
NorfolkIsland,2013,Evaporation,337,7,2.0772
NorfolkIsland,2013,Cloud9am,337,0,0.0
NorfolkIsland,2013,Cloud3pm,337,2,0.5935
NorfolkIsland,2013,Pressure9am,337,0,0.0
NorfolkIsland,2013,Pressure3pm,337,0,0.0
NorfolkIsland,2013,WindDir9am,337,2,0.5935
NorfolkIsland,2013,WindGustDir,337,10,2.9674
NorfolkIsland,2013,WindGustSpeed,337,10,2.9674
NorfolkIsland,2014,Sunshine,365,0,0.0
NorfolkIsland,2014,Evaporation,365,3,0.8219
NorfolkIsland,2014,Cloud9am,365,1,0.274
NorfolkIsland,2014,Cloud3pm,365,1,0.274
NorfolkIsland,2014,Pressure9am,365,1,0.274
NorfolkIsland,2014,Pressure3pm,365,0,0.0
NorfolkIsland,2014,WindDir9am,365,7,1.9178
NorfolkIsland,2014,WindGustDir,365,0,0.0
NorfolkIsland,2014,WindGustSpeed,365,0,0.0
NorfolkIsland,2015,Sunshine,365,2,0.5479
NorfolkIsland,2015,Evaporation,365,5,1.3699
NorfolkIsland,2015,Cloud9am,365,1,0.274
NorfolkIsland,2015,Cloud3pm,365,8,2.1918
NorfolkIsland,2015,Pressure9am,365,2,0.5479
NorfolkIsland,2015,Pressure3pm,365,2,0.5479
NorfolkIsland,2015,WindDir9am,365,3,0.8219
NorfolkIsland,2015,WindGustDir,365,7,1.9178
NorfolkIsland,2015,WindGustSpeed,365,7,1.9178
NorfolkIsland,2016,Sunshine,366,254,69.3989
NorfolkIsland,2016,Evaporation,366,87,23.7705
NorfolkIsland,2016,Cloud9am,366,38,10.3825
NorfolkIsland,2016,Cloud3pm,366,31,8.4699
NorfolkIsland,2016,Pressure9am,366,2,0.5464
NorfolkIsland,2016,Pressure3pm,366,0,0.0
NorfolkIsland,2016,WindDir9am,366,4,1.0929
NorfolkIsland,2016,WindGustDir,366,10,2.7322
NorfolkIsland,2016,WindGustSpeed,366,10,2.7322
NorfolkIsland,2017,Sunshine,176,176,100.0
NorfolkIsland,2017,Evaporation,176,114,64.7727
NorfolkIsland,2017,Cloud9am,176,23,13.0682
NorfolkIsland,2017,Cloud3pm,176,19,10.7955
NorfolkIsland,2017,Pressure9am,176,0,0.0
NorfolkIsland,2017,Pressure3pm,176,0,0.0
NorfolkIsland,2017,WindDir9am,176,0,0.0
NorfolkIsland,2017,WindGustDir,176,3,1.7045
NorfolkIsland,2017,WindGustSpeed,176,3,1.7045
Nuriootpa,2009,Sunshine,365,75,20.5479
Nuriootpa,2009,Evaporation,365,56,15.3425
Nuriootpa,2009,Cloud9am,365,53,14.5205
Nuriootpa,2009,Cloud3pm,365,62,16.9863
Nuriootpa,2009,Pressure9am,365,0,0.0
Nuriootpa,2009,Pressure3pm,365,2,0.5479
Nuriootpa,2009,WindDir9am,365,12,3.2877
Nuriootpa,2009,WindGustDir,365,6,1.6438
Nuriootpa,2009,WindGustSpeed,365,6,1.6438
Nuriootpa,2010,Sunshine,365,10,2.7397
Nuriootpa,2010,Evaporation,365,13,3.5616
Nuriootpa,2010,Cloud9am,365,10,2.7397
Nuriootpa,2010,Cloud3pm,365,8,2.1918
Nuriootpa,2010,Pressure9am,365,2,0.5479
Nuriootpa,2010,Pressure3pm,365,0,0.0
Nuriootpa,2010,WindDir9am,365,23,6.3014
Nuriootpa,2010,WindGustDir,365,6,1.6438
Nuriootpa,2010,WindGustSpeed,365,6,1.6438
Nuriootpa,2011,Sunshine,335,3,0.8955
Nuriootpa,2011,Evaporation,335,1,0.2985
Nuriootpa,2011,Cloud9am,335,1,0.2985
Nuriootpa,2011,Cloud3pm,335,1,0.2985
Nuriootpa,2011,Pressure9am,335,3,0.8955
Nuriootpa,2011,Pressure3pm,335,1,0.2985
Nuriootpa,2011,WindDir9am,335,19,5.6716
Nuriootpa,2011,WindGustDir,335,13,3.8806
Nuriootpa,2011,WindGustSpeed,335,13,3.8806
Nuriootpa,2012,Sunshine,335,4,1.194
Nuriootpa,2012,Evaporation,335,3,0.8955
Nuriootpa,2012,Cloud9am,335,4,1.194
Nuriootpa,2012,Cloud3pm,335,6,1.791
Nuriootpa,2012,Pressure9am,335,0,0.0
Nuriootpa,2012,Pressure3pm,335,3,0.8955
Nuriootpa,2012,WindDir9am,335,10,2.9851
Nuriootpa,2012,WindGustDir,335,4,1.194
Nuriootpa,2012,WindGustSpeed,335,4,1.194
Nuriootpa,2013,Sunshine,337,10,2.9674
Nuriootpa,2013,Evaporation,337,3,0.8902
Nuriootpa,2013,Cloud9am,337,7,2.0772
Nuriootpa,2013,Cloud3pm,337,8,2.3739
Nuriootpa,2013,Pressure9am,337,2,0.5935
Nuriootpa,2013,Pressure3pm,337,1,0.2967
Nuriootpa,2013,WindDir9am,337,19,5.638
Nuriootpa,2013,WindGustDir,337,3,0.8902
Nuriootpa,2013,WindGustSpeed,337,3,0.8902
Nuriootpa,2014,Sunshine,365,14,3.8356
Nuriootpa,2014,Evaporation,365,16,4.3836
Nuriootpa,2014,Cloud9am,365,12,3.2877
Nuriootpa,2014,Cloud3pm,365,33,9.0411
Nuriootpa,2014,Pressure9am,365,0,0.0
Nuriootpa,2014,Pressure3pm,365,0,0.0
Nuriootpa,2014,WindDir9am,365,15,4.1096
Nuriootpa,2014,WindGustDir,365,0,0.0
Nuriootpa,2014,WindGustSpeed,365,0,0.0
Nuriootpa,2015,Sunshine,365,16,4.3836
Nuriootpa,2015,Evaporation,365,14,3.8356
Nuriootpa,2015,Cloud9am,365,12,3.2877
Nuriootpa,2015,Cloud3pm,365,169,46.3014
Nuriootpa,2015,Pressure9am,365,0,0.0
Nuriootpa,2015,Pressure3pm,365,0,0.0
Nuriootpa,2015,WindDir9am,365,25,6.8493
Nuriootpa,2015,WindGustDir,365,15,4.1096
Nuriootpa,2015,WindGustSpeed,365,0,0.0
Nuriootpa,2016,Sunshine,366,23,6.2842
Nuriootpa,2016,Evaporation,366,9,2.459
Nuriootpa,2016,Cloud9am,366,23,6.2842
Nuriootpa,2016,Cloud3pm,366,306,83.6066
Nuriootpa,2016,Pressure9am,366,0,0.0
Nuriootpa,2016,Pressure3pm,366,1,0.2732
Nuriootpa,2016,WindDir9am,366,12,3.2787
Nuriootpa,2016,WindGustDir,366,1,0.2732
Nuriootpa,2016,WindGustSpeed,366,1,0.2732
Nuriootpa,2017,Sunshine,176,6,3.4091
Nuriootpa,2017,Evaporation,176,7,3.9773
Nuriootpa,2017,Cloud9am,176,5,2.8409
Nuriootpa,2017,Cloud3pm,176,176,100.0
Nuriootpa,2017,Pressure9am,176,0,0.0
Nuriootpa,2017,Pressure3pm,176,0,0.0
Nuriootpa,2017,WindDir9am,176,9,5.1136
Nuriootpa,2017,WindGustDir,176,1,0.5682
Nuriootpa,2017,WindGustSpeed,176,1,0.5682
PearceRAAF,2009,Sunshine,365,1,0.274
PearceRAAF,2009,Evaporation,365,365,100.0
PearceRAAF,2009,Cloud9am,365,94,25.7534
PearceRAAF,2009,Cloud3pm,365,103,28.2192
PearceRAAF,2009,Pressure9am,365,3,0.8219
PearceRAAF,2009,Pressure3pm,365,6,1.6438
PearceRAAF,2009,WindDir9am,365,10,2.7397
PearceRAAF,2009,WindGustDir,365,21,5.7534
PearceRAAF,2009,WindGustSpeed,365,21,5.7534
PearceRAAF,2010,Sunshine,365,0,0.0
PearceRAAF,2010,Evaporation,365,365,100.0
PearceRAAF,2010,Cloud9am,365,109,29.863
PearceRAAF,2010,Cloud3pm,365,120,32.8767
PearceRAAF,2010,Pressure9am,365,8,2.1918
PearceRAAF,2010,Pressure3pm,365,6,1.6438
PearceRAAF,2010,WindDir9am,365,21,5.7534
PearceRAAF,2010,WindGustDir,365,19,5.2055
PearceRAAF,2010,WindGustSpeed,365,19,5.2055
PearceRAAF,2011,Sunshine,335,3,0.8955
PearceRAAF,2011,Evaporation,335,335,100.0
PearceRAAF,2011,Cloud9am,335,99,29.5522
PearceRAAF,2011,Cloud3pm,335,91,27.1642
PearceRAAF,2011,Pressure9am,335,5,1.4925
PearceRAAF,2011,Pressure3pm,335,2,0.597
PearceRAAF,2011,WindDir9am,335,13,3.8806
PearceRAAF,2011,WindGustDir,335,37,11.0448
PearceRAAF,2011,WindGustSpeed,335,37,11.0448
PearceRAAF,2012,Sunshine,335,0,0.0
PearceRAAF,2012,Evaporation,335,335,100.0
PearceRAAF,2012,Cloud9am,335,96,28.6567
PearceRAAF,2012,Cloud3pm,335,113,33.7313
PearceRAAF,2012,Pressure9am,335,1,0.2985
PearceRAAF,2012,Pressure3pm,335,5,1.4925
PearceRAAF,2012,WindDir9am,335,9,2.6866
PearceRAAF,2012,WindGustDir,335,28,8.3582
PearceRAAF,2012,WindGustSpeed,335,28,8.3582
PearceRAAF,2013,Sunshine,337,0,0.0
PearceRAAF,2013,Evaporation,337,337,100.0
PearceRAAF,2013,Cloud9am,337,96,28.4866
PearceRAAF,2013,Cloud3pm,337,114,33.8279
PearceRAAF,2013,Pressure9am,337,0,0.0
PearceRAAF,2013,Pressure3pm,337,2,0.5935
PearceRAAF,2013,WindDir9am,337,7,2.0772
PearceRAAF,2013,WindGustDir,337,17,5.0445
PearceRAAF,2013,WindGustSpeed,337,17,5.0445
PearceRAAF,2014,Sunshine,365,1,0.274
PearceRAAF,2014,Evaporation,365,365,100.0
PearceRAAF,2014,Cloud9am,365,96,26.3014
PearceRAAF,2014,Cloud3pm,365,132,36.1644
PearceRAAF,2014,Pressure9am,365,2,0.5479
PearceRAAF,2014,Pressure3pm,365,4,1.0959
PearceRAAF,2014,WindDir9am,365,11,3.0137
PearceRAAF,2014,WindGustDir,365,7,1.9178
PearceRAAF,2014,WindGustSpeed,365,7,1.9178
PearceRAAF,2015,Sunshine,365,0,0.0
PearceRAAF,2015,Evaporation,365,365,100.0
PearceRAAF,2015,Cloud9am,365,148,40.5479
PearceRAAF,2015,Cloud3pm,365,156,42.7397
PearceRAAF,2015,Pressure9am,365,0,0.0
PearceRAAF,2015,Pressure3pm,365,0,0.0
PearceRAAF,2015,WindDir9am,365,9,2.4658
PearceRAAF,2015,WindGustDir,365,4,1.0959
PearceRAAF,2015,WindGustSpeed,365,4,1.0959
PearceRAAF,2016,Sunshine,366,0,0.0
PearceRAAF,2016,Evaporation,366,366,100.0
PearceRAAF,2016,Cloud9am,366,194,53.0055
PearceRAAF,2016,Cloud3pm,366,185,50.5464
PearceRAAF,2016,Pressure9am,366,2,0.5464
PearceRAAF,2016,Pressure3pm,366,3,0.8197
PearceRAAF,2016,WindDir9am,366,7,1.9126
PearceRAAF,2016,WindGustDir,366,6,1.6393
PearceRAAF,2016,WindGustSpeed,366,6,1.6393
PearceRAAF,2017,Sunshine,176,0,0.0
PearceRAAF,2017,Evaporation,176,176,100.0
PearceRAAF,2017,Cloud9am,176,111,63.0682
PearceRAAF,2017,Cloud3pm,176,114,64.7727
PearceRAAF,2017,Pressure9am,176,0,0.0
PearceRAAF,2017,Pressure3pm,176,0,0.0
PearceRAAF,2017,WindDir9am,176,4,2.2727
PearceRAAF,2017,WindGustDir,176,6,3.4091
PearceRAAF,2017,WindGustSpeed,176,6,3.4091
Penrith,2008,Sunshine,31,31,100.0
Penrith,2008,Evaporation,31,31,100.0
Penrith,2008,Cloud9am,31,31,100.0
Penrith,2008,Cloud3pm,31,31,100.0
Penrith,2008,Pressure9am,31,31,100.0
Penrith,2008,Pressure3pm,31,31,100.0
Penrith,2008,WindDir9am,31,0,0.0
Penrith,2008,WindGustDir,31,1,3.2258
Penrith,2008,WindGustSpeed,31,1,3.2258
Penrith,2009,Sunshine,364,364,100.0
Penrith,2009,Evaporation,364,364,100.0
Penrith,2009,Cloud9am,364,364,100.0
Penrith,2009,Cloud3pm,364,364,100.0
Penrith,2009,Pressure9am,364,364,100.0
Penrith,2009,Pressure3pm,364,364,100.0
Penrith,2009,WindDir9am,364,60,16.4835
Penrith,2009,WindGustDir,364,7,1.9231
Penrith,2009,WindGustSpeed,364,7,1.9231
Penrith,2010,Sunshine,365,365,100.0
Penrith,2010,Evaporation,365,365,100.0
Penrith,2010,Cloud9am,365,365,100.0
Penrith,2010,Cloud3pm,365,365,100.0
Penrith,2010,Pressure9am,365,365,100.0
Penrith,2010,Pressure3pm,365,365,100.0
Penrith,2010,WindDir9am,365,88,24.1096
Penrith,2010,WindGustDir,365,39,10.6849
Penrith,2010,WindGustSpeed,365,39,10.6849
Penrith,2011,Sunshine,335,335,100.0
Penrith,2011,Evaporation,335,335,100.0
Penrith,2011,Cloud9am,335,335,100.0
Penrith,2011,Cloud3pm,335,335,100.0
Penrith,2011,Pressure9am,335,335,100.0
Penrith,2011,Pressure3pm,335,335,100.0
Penrith,2011,WindDir9am,335,66,19.7015
Penrith,2011,WindGustDir,335,9,2.6866
Penrith,2011,WindGustSpeed,335,9,2.6866
Penrith,2012,Sunshine,335,335,100.0
Penrith,2012,Evaporation,335,335,100.0
Penrith,2012,Cloud9am,335,335,100.0
Penrith,2012,Cloud3pm,335,335,100.0
Penrith,2012,Pressure9am,335,335,100.0
Penrith,2012,Pressure3pm,335,335,100.0
Penrith,2012,WindDir9am,335,69,20.597
Penrith,2012,WindGustDir,335,2,0.597
Penrith,2012,WindGustSpeed,335,2,0.597
Penrith,2013,Sunshine,337,337,100.0
Penrith,2013,Evaporation,337,337,100.0
Penrith,2013,Cloud9am,337,337,100.0
Penrith,2013,Cloud3pm,337,337,100.0
Penrith,2013,Pressure9am,337,337,100.0
Penrith,2013,Pressure3pm,337,337,100.0
Penrith,2013,WindDir9am,337,59,17.5074
Penrith,2013,WindGustDir,337,0,0.0
Penrith,2013,WindGustSpeed,337,0,0.0
Penrith,2014,Sunshine,365,365,100.0
Penrith,2014,Evaporation,365,365,100.0
Penrith,2014,Cloud9am,365,365,100.0
Penrith,2014,Cloud3pm,365,365,100.0
Penrith,2014,Pressure9am,365,365,100.0
Penrith,2014,Pressure3pm,365,365,100.0
Penrith,2014,WindDir9am,365,59,16.1644
Penrith,2014,WindGustDir,365,2,0.5479
Penrith,2014,WindGustSpeed,365,2,0.5479
Penrith,2015,Sunshine,365,365,100.0
Penrith,2015,Evaporation,365,365,100.0
Penrith,2015,Cloud9am,365,365,100.0
Penrith,2015,Cloud3pm,365,365,100.0
Penrith,2015,Pressure9am,365,365,100.0
Penrith,2015,Pressure3pm,365,365,100.0
Penrith,2015,WindDir9am,365,65,17.8082
Penrith,2015,WindGustDir,365,0,0.0
Penrith,2015,WindGustSpeed,365,0,0.0
Penrith,2016,Sunshine,366,366,100.0
Penrith,2016,Evaporation,366,366,100.0
Penrith,2016,Cloud9am,366,366,100.0
Penrith,2016,Cloud3pm,366,366,100.0
Penrith,2016,Pressure9am,366,366,100.0
Penrith,2016,Pressure3pm,366,366,100.0
Penrith,2016,WindDir9am,366,60,16.3934
Penrith,2016,WindGustDir,366,5,1.3661
Penrith,2016,WindGustSpeed,366,5,1.3661
Penrith,2017,Sunshine,176,176,100.0
Penrith,2017,Evaporation,176,176,100.0
Penrith,2017,Cloud9am,176,176,100.0
Penrith,2017,Cloud3pm,176,176,100.0
Penrith,2017,Pressure9am,176,176,100.0
Penrith,2017,Pressure3pm,176,176,100.0
Penrith,2017,WindDir9am,176,33,18.75
Penrith,2017,WindGustDir,176,0,0.0
Penrith,2017,WindGustSpeed,176,0,0.0
Perth,2008,Sunshine,184,0,0.0
Perth,2008,Evaporation,184,0,0.0
Perth,2008,Cloud9am,184,0,0.0
Perth,2008,Cloud3pm,184,0,0.0
Perth,2008,Pressure9am,184,0,0.0
Perth,2008,Pressure3pm,184,0,0.0
Perth,2008,WindDir9am,184,7,3.8043
Perth,2008,WindGustDir,184,0,0.0
Perth,2008,WindGustSpeed,184,0,0.0
Perth,2009,Sunshine,365,1,0.274
Perth,2009,Evaporation,365,0,0.0
Perth,2009,Cloud9am,365,1,0.274
Perth,2009,Cloud3pm,365,2,0.5479
Perth,2009,Pressure9am,365,0,0.0
Perth,2009,Pressure3pm,365,0,0.0
Perth,2009,WindDir9am,365,16,4.3836
Perth,2009,WindGustDir,365,0,0.0
Perth,2009,WindGustSpeed,365,0,0.0
Perth,2010,Sunshine,365,0,0.0
Perth,2010,Evaporation,365,0,0.0
Perth,2010,Cloud9am,365,0,0.0
Perth,2010,Cloud3pm,365,1,0.274
Perth,2010,Pressure9am,365,0,0.0
Perth,2010,Pressure3pm,365,0,0.0
Perth,2010,WindDir9am,365,19,5.2055
Perth,2010,WindGustDir,365,0,0.0
Perth,2010,WindGustSpeed,365,0,0.0
Perth,2011,Sunshine,335,3,0.8955
Perth,2011,Evaporation,335,0,0.0
Perth,2011,Cloud9am,335,0,0.0
Perth,2011,Cloud3pm,335,0,0.0
Perth,2011,Pressure9am,335,0,0.0
Perth,2011,Pressure3pm,335,1,0.2985
Perth,2011,WindDir9am,335,20,5.9701
Perth,2011,WindGustDir,335,2,0.597
Perth,2011,WindGustSpeed,335,2,0.597
Perth,2012,Sunshine,335,0,0.0
Perth,2012,Evaporation,335,0,0.0
Perth,2012,Cloud9am,335,0,0.0
Perth,2012,Cloud3pm,335,0,0.0
Perth,2012,Pressure9am,335,1,0.2985
Perth,2012,Pressure3pm,335,0,0.0
Perth,2012,WindDir9am,335,18,5.3731
Perth,2012,WindGustDir,335,1,0.2985
Perth,2012,WindGustSpeed,335,1,0.2985
Perth,2013,Sunshine,337,0,0.0
Perth,2013,Evaporation,337,1,0.2967
Perth,2013,Cloud9am,337,0,0.0
Perth,2013,Cloud3pm,337,0,0.0
Perth,2013,Pressure9am,337,0,0.0
Perth,2013,Pressure3pm,337,0,0.0
Perth,2013,WindDir9am,337,10,2.9674
Perth,2013,WindGustDir,337,0,0.0
Perth,2013,WindGustSpeed,337,0,0.0
Perth,2014,Sunshine,365,1,0.274
Perth,2014,Evaporation,365,0,0.0
Perth,2014,Cloud9am,365,0,0.0
Perth,2014,Cloud3pm,365,0,0.0
Perth,2014,Pressure9am,365,0,0.0
Perth,2014,Pressure3pm,365,0,0.0
Perth,2014,WindDir9am,365,14,3.8356
Perth,2014,WindGustDir,365,0,0.0
Perth,2014,WindGustSpeed,365,0,0.0
Perth,2015,Sunshine,365,0,0.0
Perth,2015,Evaporation,365,0,0.0
Perth,2015,Cloud9am,365,1,0.274
Perth,2015,Cloud3pm,365,1,0.274
Perth,2015,Pressure9am,365,0,0.0
Perth,2015,Pressure3pm,365,0,0.0
Perth,2015,WindDir9am,365,10,2.7397
Perth,2015,WindGustDir,365,0,0.0
Perth,2015,WindGustSpeed,365,0,0.0
Perth,2016,Sunshine,366,0,0.0
Perth,2016,Evaporation,366,0,0.0
Perth,2016,Cloud9am,366,0,0.0
Perth,2016,Cloud3pm,366,0,0.0
Perth,2016,Pressure9am,366,0,0.0
Perth,2016,Pressure3pm,366,0,0.0
Perth,2016,WindDir9am,366,14,3.8251
Perth,2016,WindGustDir,366,1,0.2732
Perth,2016,WindGustSpeed,366,1,0.2732
Perth,2017,Sunshine,176,0,0.0
Perth,2017,Evaporation,176,0,0.0
Perth,2017,Cloud9am,176,0,0.0
Perth,2017,Cloud3pm,176,0,0.0
Perth,2017,Pressure9am,176,0,0.0
Perth,2017,Pressure3pm,176,0,0.0
Perth,2017,WindDir9am,176,6,3.4091
Perth,2017,WindGustDir,176,1,0.5682
Perth,2017,WindGustSpeed,176,1,0.5682
PerthAirport,2009,Sunshine,365,1,0.274
PerthAirport,2009,Evaporation,365,0,0.0
PerthAirport,2009,Cloud9am,365,1,0.274
PerthAirport,2009,Cloud3pm,365,2,0.5479
PerthAirport,2009,Pressure9am,365,0,0.0
PerthAirport,2009,Pressure3pm,365,1,0.274
PerthAirport,2009,WindDir9am,365,4,1.0959
PerthAirport,2009,WindGustDir,365,4,1.0959
PerthAirport,2009,WindGustSpeed,365,4,1.0959
PerthAirport,2010,Sunshine,365,0,0.0
PerthAirport,2010,Evaporation,365,0,0.0
PerthAirport,2010,Cloud9am,365,0,0.0
PerthAirport,2010,Cloud3pm,365,1,0.274
PerthAirport,2010,Pressure9am,365,0,0.0
PerthAirport,2010,Pressure3pm,365,0,0.0
PerthAirport,2010,WindDir9am,365,5,1.3699
PerthAirport,2010,WindGustDir,365,9,2.4658
PerthAirport,2010,WindGustSpeed,365,9,2.4658
PerthAirport,2011,Sunshine,335,3,0.8955
PerthAirport,2011,Evaporation,335,0,0.0
PerthAirport,2011,Cloud9am,335,0,0.0
PerthAirport,2011,Cloud3pm,335,0,0.0
PerthAirport,2011,Pressure9am,335,1,0.2985
PerthAirport,2011,Pressure3pm,335,0,0.0
PerthAirport,2011,WindDir9am,335,4,1.194
PerthAirport,2011,WindGustDir,335,9,2.6866
PerthAirport,2011,WindGustSpeed,335,9,2.6866
PerthAirport,2012,Sunshine,335,0,0.0
PerthAirport,2012,Evaporation,335,0,0.0
PerthAirport,2012,Cloud9am,335,0,0.0
PerthAirport,2012,Cloud3pm,335,0,0.0
PerthAirport,2012,Pressure9am,335,0,0.0
PerthAirport,2012,Pressure3pm,335,0,0.0
PerthAirport,2012,WindDir9am,335,5,1.4925
PerthAirport,2012,WindGustDir,335,9,2.6866
PerthAirport,2012,WindGustSpeed,335,9,2.6866
PerthAirport,2013,Sunshine,337,0,0.0
PerthAirport,2013,Evaporation,337,1,0.2967
PerthAirport,2013,Cloud9am,337,0,0.0
PerthAirport,2013,Cloud3pm,337,0,0.0
PerthAirport,2013,Pressure9am,337,0,0.0
PerthAirport,2013,Pressure3pm,337,0,0.0
PerthAirport,2013,WindDir9am,337,10,2.9674
PerthAirport,2013,WindGustDir,337,3,0.8902
PerthAirport,2013,WindGustSpeed,337,3,0.8902
PerthAirport,2014,Sunshine,365,1,0.274
PerthAirport,2014,Evaporation,365,0,0.0
PerthAirport,2014,Cloud9am,365,0,0.0
PerthAirport,2014,Cloud3pm,365,0,0.0
PerthAirport,2014,Pressure9am,365,0,0.0
PerthAirport,2014,Pressure3pm,365,0,0.0
PerthAirport,2014,WindDir9am,365,3,0.8219
PerthAirport,2014,WindGustDir,365,2,0.5479
PerthAirport,2014,WindGustSpeed,365,2,0.5479
PerthAirport,2015,Sunshine,365,0,0.0
PerthAirport,2015,Evaporation,365,0,0.0
PerthAirport,2015,Cloud9am,365,1,0.274
PerthAirport,2015,Cloud3pm,365,1,0.274
PerthAirport,2015,Pressure9am,365,1,0.274
PerthAirport,2015,Pressure3pm,365,0,0.0
PerthAirport,2015,WindDir9am,365,3,0.8219
PerthAirport,2015,WindGustDir,365,7,1.9178
PerthAirport,2015,WindGustSpeed,365,7,1.9178
PerthAirport,2016,Sunshine,366,0,0.0
PerthAirport,2016,Evaporation,366,0,0.0
PerthAirport,2016,Cloud9am,366,0,0.0
PerthAirport,2016,Cloud3pm,366,0,0.0
PerthAirport,2016,Pressure9am,366,0,0.0
PerthAirport,2016,Pressure3pm,366,0,0.0
PerthAirport,2016,WindDir9am,366,4,1.0929
PerthAirport,2016,WindGustDir,366,3,0.8197
PerthAirport,2016,WindGustSpeed,366,3,0.8197
PerthAirport,2017,Sunshine,176,0,0.0
PerthAirport,2017,Evaporation,176,0,0.0
PerthAirport,2017,Cloud9am,176,0,0.0
PerthAirport,2017,Cloud3pm,176,0,0.0
PerthAirport,2017,Pressure9am,176,0,0.0
PerthAirport,2017,Pressure3pm,176,0,0.0
PerthAirport,2017,WindDir9am,176,2,1.1364
PerthAirport,2017,WindGustDir,176,0,0.0
PerthAirport,2017,WindGustSpeed,176,0,0.0
Portland,2009,Sunshine,365,0,0.0
Portland,2009,Evaporation,365,0,0.0
Portland,2009,Cloud9am,365,6,1.6438
Portland,2009,Cloud3pm,365,19,5.2055
Portland,2009,Pressure9am,365,8,2.1918
Portland,2009,Pressure3pm,365,5,1.3699
Portland,2009,WindDir9am,365,8,2.1918
Portland,2009,WindGustDir,365,11,3.0137
Portland,2009,WindGustSpeed,365,11,3.0137
Portland,2010,Sunshine,365,0,0.0
Portland,2010,Evaporation,365,0,0.0
Portland,2010,Cloud9am,365,7,1.9178
Portland,2010,Cloud3pm,365,16,4.3836
Portland,2010,Pressure9am,365,3,0.8219
Portland,2010,Pressure3pm,365,4,1.0959
Portland,2010,WindDir9am,365,9,2.4658
Portland,2010,WindGustDir,365,5,1.3699
Portland,2010,WindGustSpeed,365,5,1.3699
Portland,2011,Sunshine,335,4,1.194
Portland,2011,Evaporation,335,7,2.0896
Portland,2011,Cloud9am,335,6,1.791
Portland,2011,Cloud3pm,335,22,6.5672
Portland,2011,Pressure9am,335,1,0.2985
Portland,2011,Pressure3pm,335,1,0.2985
Portland,2011,WindDir9am,335,6,1.791
Portland,2011,WindGustDir,335,8,2.3881
Portland,2011,WindGustSpeed,335,8,2.3881
Portland,2012,Sunshine,335,4,1.194
Portland,2012,Evaporation,335,2,0.597
Portland,2012,Cloud9am,335,34,10.1493
Portland,2012,Cloud3pm,335,46,13.7313
Portland,2012,Pressure9am,335,0,0.0
Portland,2012,Pressure3pm,335,0,0.0
Portland,2012,WindDir9am,335,5,1.4925
Portland,2012,WindGustDir,335,2,0.597
Portland,2012,WindGustSpeed,335,2,0.597
Portland,2013,Sunshine,337,2,0.5935
Portland,2013,Evaporation,337,2,0.5935
Portland,2013,Cloud9am,337,101,29.9703
Portland,2013,Cloud3pm,337,94,27.8932
Portland,2013,Pressure9am,337,0,0.0
Portland,2013,Pressure3pm,337,0,0.0
Portland,2013,WindDir9am,337,12,3.5608
Portland,2013,WindGustDir,337,2,0.5935
Portland,2013,WindGustSpeed,337,2,0.5935
Portland,2014,Sunshine,365,4,1.0959
Portland,2014,Evaporation,365,2,0.5479
Portland,2014,Cloud9am,365,105,28.7671
Portland,2014,Cloud3pm,365,132,36.1644
Portland,2014,Pressure9am,365,0,0.0
Portland,2014,Pressure3pm,365,0,0.0
Portland,2014,WindDir9am,365,10,2.7397
Portland,2014,WindGustDir,365,2,0.5479
Portland,2014,WindGustSpeed,365,2,0.5479
Portland,2015,Sunshine,365,0,0.0
Portland,2015,Evaporation,365,2,0.5479
Portland,2015,Cloud9am,365,58,15.8904
Portland,2015,Cloud3pm,365,71,19.4521
Portland,2015,Pressure9am,365,0,0.0
Portland,2015,Pressure3pm,365,0,0.0
Portland,2015,WindDir9am,365,7,1.9178
Portland,2015,WindGustDir,365,1,0.274
Portland,2015,WindGustSpeed,365,1,0.274
Portland,2016,Sunshine,366,253,69.1257
Portland,2016,Evaporation,366,218,59.5628
Portland,2016,Cloud9am,366,59,16.1202
Portland,2016,Cloud3pm,366,76,20.765
Portland,2016,Pressure9am,366,0,0.0
Portland,2016,Pressure3pm,366,0,0.0
Portland,2016,WindDir9am,366,9,2.459
Portland,2016,WindGustDir,366,3,0.8197
Portland,2016,WindGustSpeed,366,3,0.8197
Portland,2017,Sunshine,176,176,100.0
Portland,2017,Evaporation,176,176,100.0
Portland,2017,Cloud9am,176,36,20.4545
Portland,2017,Cloud3pm,176,43,24.4318
Portland,2017,Pressure9am,176,0,0.0
Portland,2017,Pressure3pm,176,0,0.0
Portland,2017,WindDir9am,176,4,2.2727
Portland,2017,WindGustDir,176,1,0.5682
Portland,2017,WindGustSpeed,176,1,0.5682
Richmond,2009,Sunshine,365,365,100.0
Richmond,2009,Evaporation,365,132,36.1644
Richmond,2009,Cloud9am,365,365,100.0
Richmond,2009,Cloud3pm,365,365,100.0
Richmond,2009,Pressure9am,365,2,0.5479
Richmond,2009,Pressure3pm,365,2,0.5479
Richmond,2009,WindDir9am,365,103,28.2192
Richmond,2009,WindGustDir,365,2,0.5479
Richmond,2009,WindGustSpeed,365,2,0.5479
Richmond,2010,Sunshine,365,365,100.0
Richmond,2010,Evaporation,365,158,43.2877
Richmond,2010,Cloud9am,365,365,100.0
Richmond,2010,Cloud3pm,365,365,100.0
Richmond,2010,Pressure9am,365,8,2.1918
Richmond,2010,Pressure3pm,365,6,1.6438
Richmond,2010,WindDir9am,365,144,39.4521
Richmond,2010,WindGustDir,365,22,6.0274
Richmond,2010,WindGustSpeed,365,20,5.4795
Richmond,2011,Sunshine,335,335,100.0
Richmond,2011,Evaporation,335,122,36.4179
Richmond,2011,Cloud9am,335,335,100.0
Richmond,2011,Cloud3pm,335,335,100.0
Richmond,2011,Pressure9am,335,0,0.0
Richmond,2011,Pressure3pm,335,1,0.2985
Richmond,2011,WindDir9am,335,118,35.2239
Richmond,2011,WindGustDir,335,0,0.0
Richmond,2011,WindGustSpeed,335,0,0.0
Richmond,2012,Sunshine,335,335,100.0
Richmond,2012,Evaporation,335,171,51.0448
Richmond,2012,Cloud9am,335,335,100.0
Richmond,2012,Cloud3pm,335,335,100.0
Richmond,2012,Pressure9am,335,9,2.6866
Richmond,2012,Pressure3pm,335,18,5.3731
Richmond,2012,WindDir9am,335,136,40.597
Richmond,2012,WindGustDir,335,16,4.7761
Richmond,2012,WindGustSpeed,335,16,4.7761
Richmond,2013,Sunshine,337,337,100.0
Richmond,2013,Evaporation,337,105,31.1573
Richmond,2013,Cloud9am,337,337,100.0
Richmond,2013,Cloud3pm,337,337,100.0
Richmond,2013,Pressure9am,337,5,1.4837
Richmond,2013,Pressure3pm,337,3,0.8902
Richmond,2013,WindDir9am,337,138,40.9496
Richmond,2013,WindGustDir,337,6,1.7804
Richmond,2013,WindGustSpeed,337,6,1.7804
Richmond,2014,Sunshine,365,365,100.0
Richmond,2014,Evaporation,365,282,77.2603
Richmond,2014,Cloud9am,365,242,66.3014
Richmond,2014,Cloud3pm,365,248,67.9452
Richmond,2014,Pressure9am,365,4,1.0959
Richmond,2014,Pressure3pm,365,3,0.8219
Richmond,2014,WindDir9am,365,94,25.7534
Richmond,2014,WindGustDir,365,5,1.3699
Richmond,2014,WindGustSpeed,365,5,1.3699
Richmond,2015,Sunshine,365,365,100.0
Richmond,2015,Evaporation,365,238,65.2055
Richmond,2015,Cloud9am,365,165,45.2055
Richmond,2015,Cloud3pm,365,158,43.2877
Richmond,2015,Pressure9am,365,0,0.0
Richmond,2015,Pressure3pm,365,1,0.274
Richmond,2015,WindDir9am,365,52,14.2466
Richmond,2015,WindGustDir,365,1,0.274
Richmond,2015,WindGustSpeed,365,1,0.274
Richmond,2016,Sunshine,366,366,100.0
Richmond,2016,Evaporation,366,108,29.5082
Richmond,2016,Cloud9am,366,197,53.8251
Richmond,2016,Cloud3pm,366,207,56.5574
Richmond,2016,Pressure9am,366,1,0.2732
Richmond,2016,Pressure3pm,366,1,0.2732
Richmond,2016,WindDir9am,366,33,9.0164
Richmond,2016,WindGustDir,366,4,1.0929
Richmond,2016,WindGustSpeed,366,4,1.0929
Richmond,2017,Sunshine,176,176,100.0
Richmond,2017,Evaporation,176,69,39.2045
Richmond,2017,Cloud9am,176,63,35.7955
Richmond,2017,Cloud3pm,176,77,43.75
Richmond,2017,Pressure9am,176,0,0.0
Richmond,2017,Pressure3pm,176,0,0.0
Richmond,2017,WindDir9am,176,35,19.8864
Richmond,2017,WindGustDir,176,1,0.5682
Richmond,2017,WindGustSpeed,176,1,0.5682
Sale,2009,Sunshine,365,19,5.2055
Sale,2009,Evaporation,365,6,1.6438
Sale,2009,Cloud9am,365,3,0.8219
Sale,2009,Cloud3pm,365,3,0.8219
Sale,2009,Pressure9am,365,2,0.5479
Sale,2009,Pressure3pm,365,3,0.8219
Sale,2009,WindDir9am,365,11,3.0137
Sale,2009,WindGustDir,365,3,0.8219
Sale,2009,WindGustSpeed,365,3,0.8219
Sale,2010,Sunshine,365,1,0.274
Sale,2010,Evaporation,365,0,0.0
Sale,2010,Cloud9am,365,1,0.274
Sale,2010,Cloud3pm,365,3,0.8219
Sale,2010,Pressure9am,365,2,0.5479
Sale,2010,Pressure3pm,365,2,0.5479
Sale,2010,WindDir9am,365,11,3.0137
Sale,2010,WindGustDir,365,9,2.4658
Sale,2010,WindGustSpeed,365,9,2.4658
Sale,2011,Sunshine,335,1,0.2985
Sale,2011,Evaporation,335,0,0.0
Sale,2011,Cloud9am,335,0,0.0
Sale,2011,Cloud3pm,335,0,0.0
Sale,2011,Pressure9am,335,5,1.4925
Sale,2011,Pressure3pm,335,4,1.194
Sale,2011,WindDir9am,335,12,3.5821
Sale,2011,WindGustDir,335,5,1.4925
Sale,2011,WindGustSpeed,335,5,1.4925
Sale,2012,Sunshine,335,12,3.5821
Sale,2012,Evaporation,335,11,3.2836
Sale,2012,Cloud9am,335,10,2.9851
Sale,2012,Cloud3pm,335,13,3.8806
Sale,2012,Pressure9am,335,3,0.8955
Sale,2012,Pressure3pm,335,2,0.597
Sale,2012,WindDir9am,335,8,2.3881
Sale,2012,WindGustDir,335,2,0.597
Sale,2012,WindGustSpeed,335,2,0.597
Sale,2013,Sunshine,337,5,1.4837
Sale,2013,Evaporation,337,4,1.1869
Sale,2013,Cloud9am,337,5,1.4837
Sale,2013,Cloud3pm,337,4,1.1869
Sale,2013,Pressure9am,337,1,0.2967
Sale,2013,Pressure3pm,337,1,0.2967
Sale,2013,WindDir9am,337,11,3.2641
Sale,2013,WindGustDir,337,4,1.1869
Sale,2013,WindGustSpeed,337,4,1.1869
Sale,2014,Sunshine,365,246,67.3973
Sale,2014,Evaporation,365,247,67.6712
Sale,2014,Cloud9am,365,1,0.274
Sale,2014,Cloud3pm,365,2,0.5479
Sale,2014,Pressure9am,365,0,0.0
Sale,2014,Pressure3pm,365,1,0.274
Sale,2014,WindDir9am,365,10,2.7397
Sale,2014,WindGustDir,365,2,0.5479
Sale,2014,WindGustSpeed,365,2,0.5479
Sale,2015,Sunshine,365,365,100.0
Sale,2015,Evaporation,365,365,100.0
Sale,2015,Cloud9am,365,132,36.1644
Sale,2015,Cloud3pm,365,140,38.3562
Sale,2015,Pressure9am,365,0,0.0
Sale,2015,Pressure3pm,365,0,0.0
Sale,2015,WindDir9am,365,6,1.6438
Sale,2015,WindGustDir,365,22,6.0274
Sale,2015,WindGustSpeed,365,22,6.0274
Sale,2016,Sunshine,366,366,100.0
Sale,2016,Evaporation,366,366,100.0
Sale,2016,Cloud9am,366,117,31.9672
Sale,2016,Cloud3pm,366,126,34.4262
Sale,2016,Pressure9am,366,0,0.0
Sale,2016,Pressure3pm,366,0,0.0
Sale,2016,WindDir9am,366,7,1.9126
Sale,2016,WindGustDir,366,29,7.9235
Sale,2016,WindGustSpeed,366,29,7.9235
Sale,2017,Sunshine,176,176,100.0
Sale,2017,Evaporation,176,176,100.0
Sale,2017,Cloud9am,176,89,50.5682
Sale,2017,Cloud3pm,176,101,57.3864
Sale,2017,Pressure9am,176,1,0.5682
Sale,2017,Pressure3pm,176,2,1.1364
Sale,2017,WindDir9am,176,6,3.4091
Sale,2017,WindGustDir,176,65,36.9318
Sale,2017,WindGustSpeed,176,65,36.9318
SalmonGums,2009,Sunshine,365,365,100.0
SalmonGums,2009,Evaporation,365,365,100.0
SalmonGums,2009,Cloud9am,365,365,100.0
SalmonGums,2009,Cloud3pm,365,365,100.0
SalmonGums,2009,Pressure9am,365,365,100.0
SalmonGums,2009,Pressure3pm,365,365,100.0
SalmonGums,2009,WindDir9am,365,5,1.3699
SalmonGums,2009,WindGustDir,365,3,0.8219
SalmonGums,2009,WindGustSpeed,365,3,0.8219
SalmonGums,2010,Sunshine,357,357,100.0
SalmonGums,2010,Evaporation,357,357,100.0
SalmonGums,2010,Cloud9am,357,357,100.0
SalmonGums,2010,Cloud3pm,357,357,100.0
SalmonGums,2010,Pressure9am,357,357,100.0
SalmonGums,2010,Pressure3pm,357,357,100.0
SalmonGums,2010,WindDir9am,357,81,22.6891
SalmonGums,2010,WindGustDir,357,67,18.7675
SalmonGums,2010,WindGustSpeed,357,67,18.7675
SalmonGums,2011,Sunshine,335,335,100.0
SalmonGums,2011,Evaporation,335,335,100.0
SalmonGums,2011,Cloud9am,335,335,100.0
SalmonGums,2011,Cloud3pm,335,335,100.0
SalmonGums,2011,Pressure9am,335,335,100.0
SalmonGums,2011,Pressure3pm,335,335,100.0
SalmonGums,2011,WindDir9am,335,1,0.2985
SalmonGums,2011,WindGustDir,335,0,0.0
SalmonGums,2011,WindGustSpeed,335,0,0.0
SalmonGums,2012,Sunshine,335,335,100.0
SalmonGums,2012,Evaporation,335,335,100.0
SalmonGums,2012,Cloud9am,335,335,100.0
SalmonGums,2012,Cloud3pm,335,335,100.0
SalmonGums,2012,Pressure9am,335,335,100.0
SalmonGums,2012,Pressure3pm,335,335,100.0
SalmonGums,2012,WindDir9am,335,2,0.597
SalmonGums,2012,WindGustDir,335,4,1.194
SalmonGums,2012,WindGustSpeed,335,4,1.194
SalmonGums,2013,Sunshine,337,337,100.0
SalmonGums,2013,Evaporation,337,337,100.0
SalmonGums,2013,Cloud9am,337,337,100.0
SalmonGums,2013,Cloud3pm,337,337,100.0
SalmonGums,2013,Pressure9am,337,337,100.0
SalmonGums,2013,Pressure3pm,337,337,100.0
SalmonGums,2013,WindDir9am,337,2,0.5935
SalmonGums,2013,WindGustDir,337,1,0.2967
SalmonGums,2013,WindGustSpeed,337,1,0.2967
SalmonGums,2014,Sunshine,365,365,100.0
SalmonGums,2014,Evaporation,365,365,100.0
SalmonGums,2014,Cloud9am,365,365,100.0
SalmonGums,2014,Cloud3pm,365,365,100.0
SalmonGums,2014,Pressure9am,365,365,100.0
SalmonGums,2014,Pressure3pm,365,365,100.0
SalmonGums,2014,WindDir9am,365,2,0.5479
SalmonGums,2014,WindGustDir,365,2,0.5479
SalmonGums,2014,WindGustSpeed,365,2,0.5479
SalmonGums,2015,Sunshine,365,365,100.0
SalmonGums,2015,Evaporation,365,365,100.0
SalmonGums,2015,Cloud9am,365,365,100.0
SalmonGums,2015,Cloud3pm,365,365,100.0
SalmonGums,2015,Pressure9am,365,365,100.0
SalmonGums,2015,Pressure3pm,365,365,100.0
SalmonGums,2015,WindDir9am,365,2,0.5479
SalmonGums,2015,WindGustDir,365,2,0.5479
SalmonGums,2015,WindGustSpeed,365,2,0.5479
SalmonGums,2016,Sunshine,366,366,100.0
SalmonGums,2016,Evaporation,366,366,100.0
SalmonGums,2016,Cloud9am,366,366,100.0
SalmonGums,2016,Cloud3pm,366,366,100.0
SalmonGums,2016,Pressure9am,366,366,100.0
SalmonGums,2016,Pressure3pm,366,366,100.0
SalmonGums,2016,WindDir9am,366,3,0.8197
SalmonGums,2016,WindGustDir,366,2,0.5464
SalmonGums,2016,WindGustSpeed,366,2,0.5464
SalmonGums,2017,Sunshine,176,176,100.0
SalmonGums,2017,Evaporation,176,176,100.0
SalmonGums,2017,Cloud9am,176,176,100.0
SalmonGums,2017,Cloud3pm,176,176,100.0
SalmonGums,2017,Pressure9am,176,176,100.0
SalmonGums,2017,Pressure3pm,176,176,100.0
SalmonGums,2017,WindDir9am,176,1,0.5682
SalmonGums,2017,WindGustDir,176,3,1.7045
SalmonGums,2017,WindGustSpeed,176,3,1.7045
Sydney,2008,Sunshine,335,0,0.0
Sydney,2008,Evaporation,335,5,1.4925
Sydney,2008,Cloud9am,335,0,0.0
Sydney,2008,Cloud3pm,335,0,0.0
Sydney,2008,Pressure9am,335,1,0.2985
Sydney,2008,Pressure3pm,335,0,0.0
Sydney,2008,WindDir9am,335,6,1.791
Sydney,2008,WindGustDir,335,335,100.0
Sydney,2008,WindGustSpeed,335,335,100.0
Sydney,2009,Sunshine,365,3,0.8219
Sydney,2009,Evaporation,365,2,0.5479
Sydney,2009,Cloud9am,365,1,0.274
Sydney,2009,Cloud3pm,365,0,0.0
Sydney,2009,Pressure9am,365,2,0.5479
Sydney,2009,Pressure3pm,365,1,0.274
Sydney,2009,WindDir9am,365,16,4.3836
Sydney,2009,WindGustDir,365,365,100.0
Sydney,2009,WindGustSpeed,365,365,100.0
Sydney,2010,Sunshine,365,1,0.274
Sydney,2010,Evaporation,365,4,1.0959
Sydney,2010,Cloud9am,365,46,12.6027
Sydney,2010,Cloud3pm,365,46,12.6027
Sydney,2010,Pressure9am,365,16,4.3836
Sydney,2010,Pressure3pm,365,17,4.6575
Sydney,2010,WindDir9am,365,19,5.2055
Sydney,2010,WindGustDir,365,279,76.4384
Sydney,2010,WindGustSpeed,365,279,76.4384
Sydney,2011,Sunshine,335,0,0.0
Sydney,2011,Evaporation,335,7,2.0896
Sydney,2011,Cloud9am,335,335,100.0
Sydney,2011,Cloud3pm,335,335,100.0
Sydney,2011,Pressure9am,335,0,0.0
Sydney,2011,Pressure3pm,335,0,0.0
Sydney,2011,WindDir9am,335,1,0.2985
Sydney,2011,WindGustDir,335,8,2.3881
Sydney,2011,WindGustSpeed,335,8,2.3881
Sydney,2012,Sunshine,335,4,1.194
Sydney,2012,Evaporation,335,4,1.194
Sydney,2012,Cloud9am,335,182,54.3284
Sydney,2012,Cloud3pm,335,182,54.3284
Sydney,2012,Pressure9am,335,0,0.0
Sydney,2012,Pressure3pm,335,0,0.0
Sydney,2012,WindDir9am,335,1,0.2985
Sydney,2012,WindGustDir,335,7,2.0896
Sydney,2012,WindGustSpeed,335,7,2.0896
Sydney,2013,Sunshine,337,0,0.0
Sydney,2013,Evaporation,337,4,1.1869
Sydney,2013,Cloud9am,337,0,0.0
Sydney,2013,Cloud3pm,337,0,0.0
Sydney,2013,Pressure9am,337,0,0.0
Sydney,2013,Pressure3pm,337,0,0.0
Sydney,2013,WindDir9am,337,9,2.6706
Sydney,2013,WindGustDir,337,11,3.2641
Sydney,2013,WindGustSpeed,337,11,3.2641
Sydney,2014,Sunshine,365,1,0.274
Sydney,2014,Evaporation,365,3,0.8219
Sydney,2014,Cloud9am,365,0,0.0
Sydney,2014,Cloud3pm,365,0,0.0
Sydney,2014,Pressure9am,365,1,0.274
Sydney,2014,Pressure3pm,365,0,0.0
Sydney,2014,WindDir9am,365,1,0.274
Sydney,2014,WindGustDir,365,4,1.0959
Sydney,2014,WindGustSpeed,365,4,1.0959
Sydney,2015,Sunshine,365,3,0.8219
Sydney,2015,Evaporation,365,10,2.7397
Sydney,2015,Cloud9am,365,1,0.274
Sydney,2015,Cloud3pm,365,0,0.0
Sydney,2015,Pressure9am,365,0,0.0
Sydney,2015,Pressure3pm,365,0,0.0
Sydney,2015,WindDir9am,365,1,0.274
Sydney,2015,WindGustDir,365,11,3.0137
Sydney,2015,WindGustSpeed,365,11,3.0137
Sydney,2016,Sunshine,366,4,1.0929
Sydney,2016,Evaporation,366,5,1.3661
Sydney,2016,Cloud9am,366,1,0.2732
Sydney,2016,Cloud3pm,366,0,0.0
Sydney,2016,Pressure9am,366,0,0.0
Sydney,2016,Pressure3pm,366,1,0.2732
Sydney,2016,WindDir9am,366,2,0.5464
Sydney,2016,WindGustDir,366,17,4.6448
Sydney,2016,WindGustSpeed,366,17,4.6448
Sydney,2017,Sunshine,176,0,0.0
Sydney,2017,Evaporation,176,7,3.9773
Sydney,2017,Cloud9am,176,2,1.1364
Sydney,2017,Cloud3pm,176,0,0.0
Sydney,2017,Pressure9am,176,1,0.5682
Sydney,2017,Pressure3pm,176,0,0.0
Sydney,2017,WindDir9am,176,0,0.0
Sydney,2017,WindGustDir,176,1,0.5682
Sydney,2017,WindGustSpeed,176,1,0.5682
SydneyAirport,2009,Sunshine,365,3,0.8219
SydneyAirport,2009,Evaporation,365,2,0.5479
SydneyAirport,2009,Cloud9am,365,0,0.0
SydneyAirport,2009,Cloud3pm,365,0,0.0
SydneyAirport,2009,Pressure9am,365,0,0.0
SydneyAirport,2009,Pressure3pm,365,0,0.0
SydneyAirport,2009,WindDir9am,365,1,0.274
SydneyAirport,2009,WindGustDir,365,19,5.2055
SydneyAirport,2009,WindGustSpeed,365,19,5.2055
SydneyAirport,2010,Sunshine,365,1,0.274
SydneyAirport,2010,Evaporation,365,4,1.0959
SydneyAirport,2010,Cloud9am,365,0,0.0
SydneyAirport,2010,Cloud3pm,365,0,0.0
SydneyAirport,2010,Pressure9am,365,0,0.0
SydneyAirport,2010,Pressure3pm,365,1,0.274
SydneyAirport,2010,WindDir9am,365,1,0.274
SydneyAirport,2010,WindGustDir,365,10,2.7397
SydneyAirport,2010,WindGustSpeed,365,10,2.7397
SydneyAirport,2011,Sunshine,335,0,0.0
SydneyAirport,2011,Evaporation,335,7,2.0896
SydneyAirport,2011,Cloud9am,335,0,0.0
SydneyAirport,2011,Cloud3pm,335,0,0.0
SydneyAirport,2011,Pressure9am,335,5,1.4925
SydneyAirport,2011,Pressure3pm,335,1,0.2985
SydneyAirport,2011,WindDir9am,335,0,0.0
SydneyAirport,2011,WindGustDir,335,11,3.2836
SydneyAirport,2011,WindGustSpeed,335,11,3.2836
SydneyAirport,2012,Sunshine,335,4,1.194
SydneyAirport,2012,Evaporation,335,4,1.194
SydneyAirport,2012,Cloud9am,335,0,0.0
SydneyAirport,2012,Cloud3pm,335,0,0.0
SydneyAirport,2012,Pressure9am,335,2,0.597
SydneyAirport,2012,Pressure3pm,335,0,0.0
SydneyAirport,2012,WindDir9am,335,0,0.0
SydneyAirport,2012,WindGustDir,335,10,2.9851
SydneyAirport,2012,WindGustSpeed,335,10,2.9851
SydneyAirport,2013,Sunshine,337,0,0.0
SydneyAirport,2013,Evaporation,337,4,1.1869
SydneyAirport,2013,Cloud9am,337,0,0.0
SydneyAirport,2013,Cloud3pm,337,0,0.0
SydneyAirport,2013,Pressure9am,337,0,0.0
SydneyAirport,2013,Pressure3pm,337,0,0.0
SydneyAirport,2013,WindDir9am,337,1,0.2967
SydneyAirport,2013,WindGustDir,337,0,0.0
SydneyAirport,2013,WindGustSpeed,337,0,0.0
SydneyAirport,2014,Sunshine,365,1,0.274
SydneyAirport,2014,Evaporation,365,3,0.8219
SydneyAirport,2014,Cloud9am,365,0,0.0
SydneyAirport,2014,Cloud3pm,365,0,0.0
SydneyAirport,2014,Pressure9am,365,0,0.0
SydneyAirport,2014,Pressure3pm,365,0,0.0
SydneyAirport,2014,WindDir9am,365,1,0.274
SydneyAirport,2014,WindGustDir,365,0,0.0
SydneyAirport,2014,WindGustSpeed,365,0,0.0
SydneyAirport,2015,Sunshine,365,3,0.8219
SydneyAirport,2015,Evaporation,365,10,2.7397
SydneyAirport,2015,Cloud9am,365,1,0.274
SydneyAirport,2015,Cloud3pm,365,0,0.0
SydneyAirport,2015,Pressure9am,365,0,0.0
SydneyAirport,2015,Pressure3pm,365,0,0.0
SydneyAirport,2015,WindDir9am,365,1,0.274
SydneyAirport,2015,WindGustDir,365,0,0.0
SydneyAirport,2015,WindGustSpeed,365,0,0.0
SydneyAirport,2016,Sunshine,366,4,1.0929
SydneyAirport,2016,Evaporation,366,5,1.3661
SydneyAirport,2016,Cloud9am,366,1,0.2732
SydneyAirport,2016,Cloud3pm,366,0,0.0
SydneyAirport,2016,Pressure9am,366,1,0.2732
SydneyAirport,2016,Pressure3pm,366,1,0.2732
SydneyAirport,2016,WindDir9am,366,3,0.8197
SydneyAirport,2016,WindGustDir,366,1,0.2732
SydneyAirport,2016,WindGustSpeed,366,1,0.2732
SydneyAirport,2017,Sunshine,176,0,0.0
SydneyAirport,2017,Evaporation,176,7,3.9773
SydneyAirport,2017,Cloud9am,176,2,1.1364
SydneyAirport,2017,Cloud3pm,176,0,0.0
SydneyAirport,2017,Pressure9am,176,0,0.0
SydneyAirport,2017,Pressure3pm,176,0,0.0
SydneyAirport,2017,WindDir9am,176,0,0.0
SydneyAirport,2017,WindGustDir,176,0,0.0
SydneyAirport,2017,WindGustSpeed,176,0,0.0
Townsville,2008,Sunshine,31,0,0.0
Townsville,2008,Evaporation,31,1,3.2258
Townsville,2008,Cloud9am,31,0,0.0
Townsville,2008,Cloud3pm,31,0,0.0
Townsville,2008,Pressure9am,31,0,0.0
Townsville,2008,Pressure3pm,31,0,0.0
Townsville,2008,WindDir9am,31,0,0.0
Townsville,2008,WindGustDir,31,0,0.0
Townsville,2008,WindGustSpeed,31,0,0.0
Townsville,2009,Sunshine,365,0,0.0
Townsville,2009,Evaporation,365,10,2.7397
Townsville,2009,Cloud9am,365,0,0.0
Townsville,2009,Cloud3pm,365,0,0.0
Townsville,2009,Pressure9am,365,0,0.0
Townsville,2009,Pressure3pm,365,0,0.0
Townsville,2009,WindDir9am,365,14,3.8356
Townsville,2009,WindGustDir,365,0,0.0
Townsville,2009,WindGustSpeed,365,0,0.0
Townsville,2010,Sunshine,365,0,0.0
Townsville,2010,Evaporation,365,13,3.5616
Townsville,2010,Cloud9am,365,0,0.0
Townsville,2010,Cloud3pm,365,1,0.274
Townsville,2010,Pressure9am,365,0,0.0
Townsville,2010,Pressure3pm,365,0,0.0
Townsville,2010,WindDir9am,365,11,3.0137
Townsville,2010,WindGustDir,365,3,0.8219
Townsville,2010,WindGustSpeed,365,3,0.8219
Townsville,2011,Sunshine,335,0,0.0
Townsville,2011,Evaporation,335,11,3.2836
Townsville,2011,Cloud9am,335,0,0.0
Townsville,2011,Cloud3pm,335,1,0.2985
Townsville,2011,Pressure9am,335,0,0.0
Townsville,2011,Pressure3pm,335,0,0.0
Townsville,2011,WindDir9am,335,19,5.6716
Townsville,2011,WindGustDir,335,3,0.8955
Townsville,2011,WindGustSpeed,335,3,0.8955
Townsville,2012,Sunshine,335,0,0.0
Townsville,2012,Evaporation,335,7,2.0896
Townsville,2012,Cloud9am,335,0,0.0
Townsville,2012,Cloud3pm,335,7,2.0896
Townsville,2012,Pressure9am,335,0,0.0
Townsville,2012,Pressure3pm,335,0,0.0
Townsville,2012,WindDir9am,335,20,5.9701
Townsville,2012,WindGustDir,335,1,0.2985
Townsville,2012,WindGustSpeed,335,1,0.2985
Townsville,2013,Sunshine,337,0,0.0
Townsville,2013,Evaporation,337,5,1.4837
Townsville,2013,Cloud9am,337,0,0.0
Townsville,2013,Cloud3pm,337,5,1.4837
Townsville,2013,Pressure9am,337,0,0.0
Townsville,2013,Pressure3pm,337,0,0.0
Townsville,2013,WindDir9am,337,15,4.451
Townsville,2013,WindGustDir,337,0,0.0
Townsville,2013,WindGustSpeed,337,0,0.0
Townsville,2014,Sunshine,365,0,0.0
Townsville,2014,Evaporation,365,4,1.0959
Townsville,2014,Cloud9am,365,0,0.0
Townsville,2014,Cloud3pm,365,16,4.3836
Townsville,2014,Pressure9am,365,0,0.0
Townsville,2014,Pressure3pm,365,0,0.0
Townsville,2014,WindDir9am,365,8,2.1918
Townsville,2014,WindGustDir,365,2,0.5479
Townsville,2014,WindGustSpeed,365,2,0.5479
Townsville,2015,Sunshine,365,1,0.274
Townsville,2015,Evaporation,365,2,0.5479
Townsville,2015,Cloud9am,365,0,0.0
Townsville,2015,Cloud3pm,365,1,0.274
Townsville,2015,Pressure9am,365,0,0.0
Townsville,2015,Pressure3pm,365,0,0.0
Townsville,2015,WindDir9am,365,6,1.6438
Townsville,2015,WindGustDir,365,2,0.5479
Townsville,2015,WindGustSpeed,365,2,0.5479
Townsville,2016,Sunshine,366,246,67.2131
Townsville,2016,Evaporation,366,9,2.459
Townsville,2016,Cloud9am,366,96,26.2295
Townsville,2016,Cloud3pm,366,161,43.9891
Townsville,2016,Pressure9am,366,0,0.0
Townsville,2016,Pressure3pm,366,0,0.0
Townsville,2016,WindDir9am,366,17,4.6448
Townsville,2016,WindGustDir,366,9,2.459
Townsville,2016,WindGustSpeed,366,9,2.459
Townsville,2017,Sunshine,176,176,100.0
Townsville,2017,Evaporation,176,29,16.4773
Townsville,2017,Cloud9am,176,78,44.3182
Townsville,2017,Cloud3pm,176,85,48.2955
Townsville,2017,Pressure9am,176,0,0.0
Townsville,2017,Pressure3pm,176,0,0.0
Townsville,2017,WindDir9am,176,13,7.3864
Townsville,2017,WindGustDir,176,3,1.7045
Townsville,2017,WindGustSpeed,176,3,1.7045
Tuggeranong,2008,Sunshine,31,31,100.0
Tuggeranong,2008,Evaporation,31,31,100.0
Tuggeranong,2008,Cloud9am,31,31,100.0
Tuggeranong,2008,Cloud3pm,31,31,100.0
Tuggeranong,2008,Pressure9am,31,0,0.0
Tuggeranong,2008,Pressure3pm,31,0,0.0
Tuggeranong,2008,WindDir9am,31,1,3.2258
Tuggeranong,2008,WindGustDir,31,0,0.0
Tuggeranong,2008,WindGustSpeed,31,0,0.0
Tuggeranong,2009,Sunshine,365,365,100.0
Tuggeranong,2009,Evaporation,365,365,100.0
Tuggeranong,2009,Cloud9am,365,365,100.0
Tuggeranong,2009,Cloud3pm,365,365,100.0
Tuggeranong,2009,Pressure9am,365,2,0.5479
Tuggeranong,2009,Pressure3pm,365,1,0.274
Tuggeranong,2009,WindDir9am,365,73,20.0
Tuggeranong,2009,WindGustDir,365,2,0.5479
Tuggeranong,2009,WindGustSpeed,365,2,0.5479
Tuggeranong,2010,Sunshine,365,365,100.0
Tuggeranong,2010,Evaporation,365,365,100.0
Tuggeranong,2010,Cloud9am,365,365,100.0
Tuggeranong,2010,Cloud3pm,365,365,100.0
Tuggeranong,2010,Pressure9am,365,9,2.4658
Tuggeranong,2010,Pressure3pm,365,10,2.7397
Tuggeranong,2010,WindDir9am,365,93,25.4795
Tuggeranong,2010,WindGustDir,365,19,5.2055
Tuggeranong,2010,WindGustSpeed,365,19,5.2055
Tuggeranong,2011,Sunshine,335,335,100.0
Tuggeranong,2011,Evaporation,335,335,100.0
Tuggeranong,2011,Cloud9am,335,335,100.0
Tuggeranong,2011,Cloud3pm,335,335,100.0
Tuggeranong,2011,Pressure9am,335,0,0.0
Tuggeranong,2011,Pressure3pm,335,0,0.0
Tuggeranong,2011,WindDir9am,335,58,17.3134
Tuggeranong,2011,WindGustDir,335,0,0.0
Tuggeranong,2011,WindGustSpeed,335,0,0.0
Tuggeranong,2012,Sunshine,334,334,100.0
Tuggeranong,2012,Evaporation,334,334,100.0
Tuggeranong,2012,Cloud9am,334,334,100.0
Tuggeranong,2012,Cloud3pm,334,334,100.0
Tuggeranong,2012,Pressure9am,334,0,0.0
Tuggeranong,2012,Pressure3pm,334,0,0.0
Tuggeranong,2012,WindDir9am,334,74,22.1557
Tuggeranong,2012,WindGustDir,334,1,0.2994
Tuggeranong,2012,WindGustSpeed,334,1,0.2994
Tuggeranong,2013,Sunshine,337,337,100.0
Tuggeranong,2013,Evaporation,337,337,100.0
Tuggeranong,2013,Cloud9am,337,337,100.0
Tuggeranong,2013,Cloud3pm,337,337,100.0
Tuggeranong,2013,Pressure9am,337,3,0.8902
Tuggeranong,2013,Pressure3pm,337,0,0.0
Tuggeranong,2013,WindDir9am,337,67,19.8813
Tuggeranong,2013,WindGustDir,337,1,0.2967
Tuggeranong,2013,WindGustSpeed,337,1,0.2967
Tuggeranong,2014,Sunshine,365,365,100.0
Tuggeranong,2014,Evaporation,365,365,100.0
Tuggeranong,2014,Cloud9am,365,365,100.0
Tuggeranong,2014,Cloud3pm,365,365,100.0
Tuggeranong,2014,Pressure9am,365,1,0.274
Tuggeranong,2014,Pressure3pm,365,0,0.0
Tuggeranong,2014,WindDir9am,365,77,21.0959
Tuggeranong,2014,WindGustDir,365,5,1.3699
Tuggeranong,2014,WindGustSpeed,365,5,1.3699
Tuggeranong,2015,Sunshine,365,365,100.0
Tuggeranong,2015,Evaporation,365,365,100.0
Tuggeranong,2015,Cloud9am,365,365,100.0
Tuggeranong,2015,Cloud3pm,365,365,100.0
Tuggeranong,2015,Pressure9am,365,0,0.0
Tuggeranong,2015,Pressure3pm,365,0,0.0
Tuggeranong,2015,WindDir9am,365,74,20.274
Tuggeranong,2015,WindGustDir,365,4,1.0959
Tuggeranong,2015,WindGustSpeed,365,4,1.0959
Tuggeranong,2016,Sunshine,366,366,100.0
Tuggeranong,2016,Evaporation,366,366,100.0
Tuggeranong,2016,Cloud9am,366,366,100.0
Tuggeranong,2016,Cloud3pm,366,366,100.0
Tuggeranong,2016,Pressure9am,366,0,0.0
Tuggeranong,2016,Pressure3pm,366,0,0.0
Tuggeranong,2016,WindDir9am,366,82,22.4044
Tuggeranong,2016,WindGustDir,366,8,2.1858
Tuggeranong,2016,WindGustSpeed,366,8,2.1858
Tuggeranong,2017,Sunshine,176,176,100.0
Tuggeranong,2017,Evaporation,176,176,100.0
Tuggeranong,2017,Cloud9am,176,176,100.0
Tuggeranong,2017,Cloud3pm,176,176,100.0
Tuggeranong,2017,Pressure9am,176,0,0.0
Tuggeranong,2017,Pressure3pm,176,0,0.0
Tuggeranong,2017,WindDir9am,176,46,26.1364
Tuggeranong,2017,WindGustDir,176,2,1.1364
Tuggeranong,2017,WindGustSpeed,176,2,1.1364
Uluru,2013,Sunshine,306,306,100.0
Uluru,2013,Evaporation,306,306,100.0
Uluru,2013,Cloud9am,306,306,100.0
Uluru,2013,Cloud3pm,306,306,100.0
Uluru,2013,Pressure9am,306,1,0.3268
Uluru,2013,Pressure3pm,306,0,0.0
Uluru,2013,WindDir9am,306,7,2.2876
Uluru,2013,WindGustDir,306,1,0.3268
Uluru,2013,WindGustSpeed,306,1,0.3268
Uluru,2014,Sunshine,365,365,100.0
Uluru,2014,Evaporation,365,365,100.0
Uluru,2014,Cloud9am,365,314,86.0274
Uluru,2014,Cloud3pm,365,307,84.1096
Uluru,2014,Pressure9am,365,8,2.1918
Uluru,2014,Pressure3pm,365,4,1.0959
Uluru,2014,WindDir9am,365,18,4.9315
Uluru,2014,WindGustDir,365,17,4.6575
Uluru,2014,WindGustSpeed,365,17,4.6575
Uluru,2015,Sunshine,365,365,100.0
Uluru,2015,Evaporation,365,365,100.0
Uluru,2015,Cloud9am,365,261,71.5068
Uluru,2015,Cloud3pm,365,214,58.6301
Uluru,2015,Pressure9am,365,0,0.0
Uluru,2015,Pressure3pm,365,0,0.0
Uluru,2015,WindDir9am,365,7,1.9178
Uluru,2015,WindGustDir,365,3,0.8219
Uluru,2015,WindGustSpeed,365,3,0.8219
Uluru,2016,Sunshine,366,366,100.0
Uluru,2016,Evaporation,366,366,100.0
Uluru,2016,Cloud9am,366,221,60.3825
Uluru,2016,Cloud3pm,366,217,59.2896
Uluru,2016,Pressure9am,366,1,0.2732
Uluru,2016,Pressure3pm,366,0,0.0
Uluru,2016,WindDir9am,366,31,8.4699
Uluru,2016,WindGustDir,366,30,8.1967
Uluru,2016,WindGustSpeed,366,30,8.1967
Uluru,2017,Sunshine,176,176,100.0
Uluru,2017,Evaporation,176,176,100.0
Uluru,2017,Cloud9am,176,128,72.7273
Uluru,2017,Cloud3pm,176,117,66.4773
Uluru,2017,Pressure9am,176,0,0.0
Uluru,2017,Pressure3pm,176,0,0.0
Uluru,2017,WindDir9am,176,3,1.7045
Uluru,2017,WindGustDir,176,3,1.7045
Uluru,2017,WindGustSpeed,176,3,1.7045
WaggaWagga,2009,Sunshine,365,4,1.0959
WaggaWagga,2009,Evaporation,365,2,0.5479
WaggaWagga,2009,Cloud9am,365,2,0.5479
WaggaWagga,2009,Cloud3pm,365,1,0.274
WaggaWagga,2009,Pressure9am,365,0,0.0
WaggaWagga,2009,Pressure3pm,365,0,0.0
WaggaWagga,2009,WindDir9am,365,10,2.7397
WaggaWagga,2009,WindGustDir,365,8,2.1918
WaggaWagga,2009,WindGustSpeed,365,8,2.1918
WaggaWagga,2010,Sunshine,365,1,0.274
WaggaWagga,2010,Evaporation,365,1,0.274
WaggaWagga,2010,Cloud9am,365,1,0.274
WaggaWagga,2010,Cloud3pm,365,0,0.0
WaggaWagga,2010,Pressure9am,365,0,0.0
WaggaWagga,2010,Pressure3pm,365,0,0.0
WaggaWagga,2010,WindDir9am,365,16,4.3836
WaggaWagga,2010,WindGustDir,365,1,0.274
WaggaWagga,2010,WindGustSpeed,365,1,0.274
WaggaWagga,2011,Sunshine,335,0,0.0
WaggaWagga,2011,Evaporation,335,1,0.2985
WaggaWagga,2011,Cloud9am,335,1,0.2985
WaggaWagga,2011,Cloud3pm,335,1,0.2985
WaggaWagga,2011,Pressure9am,335,0,0.0
WaggaWagga,2011,Pressure3pm,335,0,0.0
WaggaWagga,2011,WindDir9am,335,11,3.2836
WaggaWagga,2011,WindGustDir,335,7,2.0896
WaggaWagga,2011,WindGustSpeed,335,7,2.0896
WaggaWagga,2012,Sunshine,335,0,0.0
WaggaWagga,2012,Evaporation,335,1,0.2985
WaggaWagga,2012,Cloud9am,335,1,0.2985
WaggaWagga,2012,Cloud3pm,335,1,0.2985
WaggaWagga,2012,Pressure9am,335,0,0.0
WaggaWagga,2012,Pressure3pm,335,0,0.0
WaggaWagga,2012,WindDir9am,335,17,5.0746
WaggaWagga,2012,WindGustDir,335,8,2.3881
WaggaWagga,2012,WindGustSpeed,335,8,2.3881
WaggaWagga,2013,Sunshine,337,0,0.0
WaggaWagga,2013,Evaporation,337,0,0.0
WaggaWagga,2013,Cloud9am,337,2,0.5935
WaggaWagga,2013,Cloud3pm,337,0,0.0
WaggaWagga,2013,Pressure9am,337,0,0.0
WaggaWagga,2013,Pressure3pm,337,0,0.0
WaggaWagga,2013,WindDir9am,337,16,4.7478
WaggaWagga,2013,WindGustDir,337,0,0.0
WaggaWagga,2013,WindGustSpeed,337,0,0.0
WaggaWagga,2014,Sunshine,365,0,0.0
WaggaWagga,2014,Evaporation,365,0,0.0
WaggaWagga,2014,Cloud9am,365,1,0.274
WaggaWagga,2014,Cloud3pm,365,0,0.0
WaggaWagga,2014,Pressure9am,365,0,0.0
WaggaWagga,2014,Pressure3pm,365,0,0.0
WaggaWagga,2014,WindDir9am,365,12,3.2877
WaggaWagga,2014,WindGustDir,365,3,0.8219
WaggaWagga,2014,WindGustSpeed,365,3,0.8219
WaggaWagga,2015,Sunshine,365,3,0.8219
WaggaWagga,2015,Evaporation,365,2,0.5479
WaggaWagga,2015,Cloud9am,365,4,1.0959
WaggaWagga,2015,Cloud3pm,365,5,1.3699
WaggaWagga,2015,Pressure9am,365,0,0.0
WaggaWagga,2015,Pressure3pm,365,0,0.0
WaggaWagga,2015,WindDir9am,365,19,5.2055
WaggaWagga,2015,WindGustDir,365,0,0.0
WaggaWagga,2015,WindGustSpeed,365,0,0.0
WaggaWagga,2016,Sunshine,366,250,68.306
WaggaWagga,2016,Evaporation,366,64,17.4863
WaggaWagga,2016,Cloud9am,366,100,27.3224
WaggaWagga,2016,Cloud3pm,366,76,20.765
WaggaWagga,2016,Pressure9am,366,0,0.0
WaggaWagga,2016,Pressure3pm,366,0,0.0
WaggaWagga,2016,WindDir9am,366,14,3.8251
WaggaWagga,2016,WindGustDir,366,1,0.2732
WaggaWagga,2016,WindGustSpeed,366,1,0.2732
WaggaWagga,2017,Sunshine,176,176,100.0
WaggaWagga,2017,Evaporation,176,67,38.0682
WaggaWagga,2017,Cloud9am,176,111,63.0682
WaggaWagga,2017,Cloud3pm,176,89,50.5682
WaggaWagga,2017,Pressure9am,176,0,0.0
WaggaWagga,2017,Pressure3pm,176,0,0.0
WaggaWagga,2017,WindDir9am,176,4,2.2727
WaggaWagga,2017,WindGustDir,176,0,0.0
WaggaWagga,2017,WindGustSpeed,176,0,0.0
Walpole,2009,Sunshine,365,365,100.0
Walpole,2009,Evaporation,365,365,100.0
Walpole,2009,Cloud9am,365,365,100.0
Walpole,2009,Cloud3pm,365,365,100.0
Walpole,2009,Pressure9am,365,13,3.5616
Walpole,2009,Pressure3pm,365,12,3.2877
Walpole,2009,WindDir9am,365,35,9.589
Walpole,2009,WindGustDir,365,15,4.1096
Walpole,2009,WindGustSpeed,365,15,4.1096
Walpole,2010,Sunshine,365,365,100.0
Walpole,2010,Evaporation,365,365,100.0
Walpole,2010,Cloud9am,365,365,100.0
Walpole,2010,Cloud3pm,365,365,100.0
Walpole,2010,Pressure9am,365,0,0.0
Walpole,2010,Pressure3pm,365,0,0.0
Walpole,2010,WindDir9am,365,21,5.7534
Walpole,2010,WindGustDir,365,2,0.5479
Walpole,2010,WindGustSpeed,365,2,0.5479
Walpole,2011,Sunshine,332,332,100.0
Walpole,2011,Evaporation,332,332,100.0
Walpole,2011,Cloud9am,332,332,100.0
Walpole,2011,Cloud3pm,332,332,100.0
Walpole,2011,Pressure9am,332,9,2.7108
Walpole,2011,Pressure3pm,332,9,2.7108
Walpole,2011,WindDir9am,332,24,7.2289
Walpole,2011,WindGustDir,332,13,3.9157
Walpole,2011,WindGustSpeed,332,13,3.9157
Walpole,2012,Sunshine,335,335,100.0
Walpole,2012,Evaporation,335,335,100.0
Walpole,2012,Cloud9am,335,335,100.0
Walpole,2012,Cloud3pm,335,335,100.0
Walpole,2012,Pressure9am,335,0,0.0
Walpole,2012,Pressure3pm,335,1,0.2985
Walpole,2012,WindDir9am,335,36,10.7463
Walpole,2012,WindGustDir,335,7,2.0896
Walpole,2012,WindGustSpeed,335,2,0.597
Walpole,2013,Sunshine,337,337,100.0
Walpole,2013,Evaporation,337,337,100.0
Walpole,2013,Cloud9am,337,337,100.0
Walpole,2013,Cloud3pm,337,337,100.0
Walpole,2013,Pressure9am,337,5,1.4837
Walpole,2013,Pressure3pm,337,3,0.8902
Walpole,2013,WindDir9am,337,53,15.727
Walpole,2013,WindGustDir,337,33,9.7923
Walpole,2013,WindGustSpeed,337,6,1.7804
Walpole,2014,Sunshine,365,365,100.0
Walpole,2014,Evaporation,365,365,100.0
Walpole,2014,Cloud9am,365,365,100.0
Walpole,2014,Cloud3pm,365,365,100.0
Walpole,2014,Pressure9am,365,0,0.0
Walpole,2014,Pressure3pm,365,1,0.274
Walpole,2014,WindDir9am,365,33,9.0411
Walpole,2014,WindGustDir,365,9,2.4658
Walpole,2014,WindGustSpeed,365,9,2.4658
Walpole,2015,Sunshine,365,365,100.0
Walpole,2015,Evaporation,365,365,100.0
Walpole,2015,Cloud9am,365,365,100.0
Walpole,2015,Cloud3pm,365,365,100.0
Walpole,2015,Pressure9am,365,0,0.0
Walpole,2015,Pressure3pm,365,0,0.0
Walpole,2015,WindDir9am,365,40,10.9589
Walpole,2015,WindGustDir,365,11,3.0137
Walpole,2015,WindGustSpeed,365,11,3.0137
Walpole,2016,Sunshine,366,366,100.0
Walpole,2016,Evaporation,366,366,100.0
Walpole,2016,Cloud9am,366,366,100.0
Walpole,2016,Cloud3pm,366,366,100.0
Walpole,2016,Pressure9am,366,1,0.2732
Walpole,2016,Pressure3pm,366,0,0.0
Walpole,2016,WindDir9am,366,30,8.1967
Walpole,2016,WindGustDir,366,24,6.5574
Walpole,2016,WindGustSpeed,366,24,6.5574
Walpole,2017,Sunshine,176,176,100.0
Walpole,2017,Evaporation,176,176,100.0
Walpole,2017,Cloud9am,176,176,100.0
Walpole,2017,Cloud3pm,176,176,100.0
Walpole,2017,Pressure9am,176,0,0.0
Walpole,2017,Pressure3pm,176,0,0.0
Walpole,2017,WindDir9am,176,14,7.9545
Walpole,2017,WindGustDir,176,4,2.2727
Walpole,2017,WindGustSpeed,176,4,2.2727
Watsonia,2009,Sunshine,365,0,0.0
Watsonia,2009,Evaporation,365,0,0.0
Watsonia,2009,Cloud9am,365,0,0.0
Watsonia,2009,Cloud3pm,365,0,0.0
Watsonia,2009,Pressure9am,365,0,0.0
Watsonia,2009,Pressure3pm,365,0,0.0
Watsonia,2009,WindDir9am,365,22,6.0274
Watsonia,2009,WindGustDir,365,2,0.5479
Watsonia,2009,WindGustSpeed,365,2,0.5479
Watsonia,2010,Sunshine,365,1,0.274
Watsonia,2010,Evaporation,365,0,0.0
Watsonia,2010,Cloud9am,365,0,0.0
Watsonia,2010,Cloud3pm,365,0,0.0
Watsonia,2010,Pressure9am,365,1,0.274
Watsonia,2010,Pressure3pm,365,0,0.0
Watsonia,2010,WindDir9am,365,23,6.3014
Watsonia,2010,WindGustDir,365,4,1.0959
Watsonia,2010,WindGustSpeed,365,4,1.0959
Watsonia,2011,Sunshine,335,0,0.0
Watsonia,2011,Evaporation,335,0,0.0
Watsonia,2011,Cloud9am,335,0,0.0
Watsonia,2011,Cloud3pm,335,0,0.0
Watsonia,2011,Pressure9am,335,0,0.0
Watsonia,2011,Pressure3pm,335,0,0.0
Watsonia,2011,WindDir9am,335,17,5.0746
Watsonia,2011,WindGustDir,335,1,0.2985
Watsonia,2011,WindGustSpeed,335,1,0.2985
Watsonia,2012,Sunshine,335,0,0.0
Watsonia,2012,Evaporation,335,0,0.0
Watsonia,2012,Cloud9am,335,0,0.0
Watsonia,2012,Cloud3pm,335,0,0.0
Watsonia,2012,Pressure9am,335,0,0.0
Watsonia,2012,Pressure3pm,335,0,0.0
Watsonia,2012,WindDir9am,335,15,4.4776
Watsonia,2012,WindGustDir,335,0,0.0
Watsonia,2012,WindGustSpeed,335,0,0.0
Watsonia,2013,Sunshine,337,0,0.0
Watsonia,2013,Evaporation,337,0,0.0
Watsonia,2013,Cloud9am,337,0,0.0
Watsonia,2013,Cloud3pm,337,0,0.0
Watsonia,2013,Pressure9am,337,0,0.0
Watsonia,2013,Pressure3pm,337,0,0.0
Watsonia,2013,WindDir9am,337,22,6.5282
Watsonia,2013,WindGustDir,337,0,0.0
Watsonia,2013,WindGustSpeed,337,0,0.0
Watsonia,2014,Sunshine,365,0,0.0
Watsonia,2014,Evaporation,365,0,0.0
Watsonia,2014,Cloud9am,365,0,0.0
Watsonia,2014,Cloud3pm,365,0,0.0
Watsonia,2014,Pressure9am,365,0,0.0
Watsonia,2014,Pressure3pm,365,0,0.0
Watsonia,2014,WindDir9am,365,27,7.3973
Watsonia,2014,WindGustDir,365,2,0.5479
Watsonia,2014,WindGustSpeed,365,2,0.5479
Watsonia,2015,Sunshine,365,0,0.0
Watsonia,2015,Evaporation,365,2,0.5479
Watsonia,2015,Cloud9am,365,0,0.0
Watsonia,2015,Cloud3pm,365,1,0.274
Watsonia,2015,Pressure9am,365,0,0.0
Watsonia,2015,Pressure3pm,365,0,0.0
Watsonia,2015,WindDir9am,365,19,5.2055
Watsonia,2015,WindGustDir,365,4,1.0959
Watsonia,2015,WindGustSpeed,365,4,1.0959
Watsonia,2016,Sunshine,366,0,0.0
Watsonia,2016,Evaporation,366,1,0.2732
Watsonia,2016,Cloud9am,366,0,0.0
Watsonia,2016,Cloud3pm,366,0,0.0
Watsonia,2016,Pressure9am,366,0,0.0
Watsonia,2016,Pressure3pm,366,0,0.0
Watsonia,2016,WindDir9am,366,26,7.1038
Watsonia,2016,WindGustDir,366,11,3.0055
Watsonia,2016,WindGustSpeed,366,11,3.0055
Watsonia,2017,Sunshine,176,0,0.0
Watsonia,2017,Evaporation,176,0,0.0
Watsonia,2017,Cloud9am,176,0,0.0
Watsonia,2017,Cloud3pm,176,0,0.0
Watsonia,2017,Pressure9am,176,1,0.5682
Watsonia,2017,Pressure3pm,176,0,0.0
Watsonia,2017,WindDir9am,176,20,11.3636
Watsonia,2017,WindGustDir,176,13,7.3864
Watsonia,2017,WindGustSpeed,176,13,7.3864
Williamtown,2009,Sunshine,365,5,1.3699
Williamtown,2009,Evaporation,365,7,1.9178
Williamtown,2009,Cloud9am,365,2,0.5479
Williamtown,2009,Cloud3pm,365,32,8.7671
Williamtown,2009,Pressure9am,365,0,0.0
Williamtown,2009,Pressure3pm,365,2,0.5479
Williamtown,2009,WindDir9am,365,8,2.1918
Williamtown,2009,WindGustDir,365,23,6.3014
Williamtown,2009,WindGustSpeed,365,23,6.3014
Williamtown,2010,Sunshine,365,41,11.2329
Williamtown,2010,Evaporation,365,24,6.5753
Williamtown,2010,Cloud9am,365,13,3.5616
Williamtown,2010,Cloud3pm,365,23,6.3014
Williamtown,2010,Pressure9am,365,5,1.3699
Williamtown,2010,Pressure3pm,365,5,1.3699
Williamtown,2010,WindDir9am,365,9,2.4658
Williamtown,2010,WindGustDir,365,20,5.4795
Williamtown,2010,WindGustSpeed,365,20,5.4795
Williamtown,2011,Sunshine,335,179,53.4328
Williamtown,2011,Evaporation,335,111,33.1343
Williamtown,2011,Cloud9am,335,56,16.7164
Williamtown,2011,Cloud3pm,335,61,18.209
Williamtown,2011,Pressure9am,335,1,0.2985
Williamtown,2011,Pressure3pm,335,1,0.2985
Williamtown,2011,WindDir9am,335,14,4.1791
Williamtown,2011,WindGustDir,335,24,7.1642
Williamtown,2011,WindGustSpeed,335,24,7.1642
Williamtown,2012,Sunshine,335,240,71.6418
Williamtown,2012,Evaporation,335,149,44.4776
Williamtown,2012,Cloud9am,335,90,26.8657
Williamtown,2012,Cloud3pm,335,78,23.2836
Williamtown,2012,Pressure9am,335,1,0.2985
Williamtown,2012,Pressure3pm,335,1,0.2985
Williamtown,2012,WindDir9am,335,2,0.597
Williamtown,2012,WindGustDir,335,11,3.2836
Williamtown,2012,WindGustSpeed,335,11,3.2836
Williamtown,2013,Sunshine,337,236,70.0297
Williamtown,2013,Evaporation,337,144,42.73
Williamtown,2013,Cloud9am,337,83,24.6291
Williamtown,2013,Cloud3pm,337,90,26.7062
Williamtown,2013,Pressure9am,337,4,1.1869
Williamtown,2013,Pressure3pm,337,1,0.2967
Williamtown,2013,WindDir9am,337,8,2.3739
Williamtown,2013,WindGustDir,337,11,3.2641
Williamtown,2013,WindGustSpeed,337,11,3.2641
Williamtown,2014,Sunshine,365,270,73.9726
Williamtown,2014,Evaporation,365,161,44.1096
Williamtown,2014,Cloud9am,365,82,22.4658
Williamtown,2014,Cloud3pm,365,83,22.7397
Williamtown,2014,Pressure9am,365,1,0.274
Williamtown,2014,Pressure3pm,365,1,0.274
Williamtown,2014,WindDir9am,365,21,5.7534
Williamtown,2014,WindGustDir,365,5,1.3699
Williamtown,2014,WindGustSpeed,365,5,1.3699
Williamtown,2015,Sunshine,365,200,54.7945
Williamtown,2015,Evaporation,365,139,38.0822
Williamtown,2015,Cloud9am,365,55,15.0685
Williamtown,2015,Cloud3pm,365,58,15.8904
Williamtown,2015,Pressure9am,365,0,0.0
Williamtown,2015,Pressure3pm,365,0,0.0
Williamtown,2015,WindDir9am,365,11,3.0137
Williamtown,2015,WindGustDir,365,3,0.8219
Williamtown,2015,WindGustSpeed,365,2,0.5479
Williamtown,2016,Sunshine,366,307,83.8798
Williamtown,2016,Evaporation,366,152,41.5301
Williamtown,2016,Cloud9am,366,156,42.623
Williamtown,2016,Cloud3pm,366,152,41.5301
Williamtown,2016,Pressure9am,366,0,0.0
Williamtown,2016,Pressure3pm,366,0,0.0
Williamtown,2016,WindDir9am,366,8,2.1858
Williamtown,2016,WindGustDir,366,30,8.1967
Williamtown,2016,WindGustSpeed,366,30,8.1967
Williamtown,2017,Sunshine,176,176,100.0
Williamtown,2017,Evaporation,176,176,100.0
Williamtown,2017,Cloud9am,176,65,36.9318
Williamtown,2017,Cloud3pm,176,72,40.9091
Williamtown,2017,Pressure9am,176,0,0.0
Williamtown,2017,Pressure3pm,176,0,0.0
Williamtown,2017,WindDir9am,176,6,3.4091
Williamtown,2017,WindGustDir,176,9,5.1136
Williamtown,2017,WindGustSpeed,176,9,5.1136
Witchcliffe,2009,Sunshine,365,365,100.0
Witchcliffe,2009,Evaporation,365,365,100.0
Witchcliffe,2009,Cloud9am,365,365,100.0
Witchcliffe,2009,Cloud3pm,365,365,100.0
Witchcliffe,2009,Pressure9am,365,2,0.5479
Witchcliffe,2009,Pressure3pm,365,1,0.274
Witchcliffe,2009,WindDir9am,365,31,8.4932
Witchcliffe,2009,WindGustDir,365,6,1.6438
Witchcliffe,2009,WindGustSpeed,365,6,1.6438
Witchcliffe,2010,Sunshine,365,365,100.0
Witchcliffe,2010,Evaporation,365,365,100.0
Witchcliffe,2010,Cloud9am,365,365,100.0
Witchcliffe,2010,Cloud3pm,365,365,100.0
Witchcliffe,2010,Pressure9am,365,1,0.274
Witchcliffe,2010,Pressure3pm,365,0,0.0
Witchcliffe,2010,WindDir9am,365,35,9.589
Witchcliffe,2010,WindGustDir,365,4,1.0959
Witchcliffe,2010,WindGustSpeed,365,4,1.0959
Witchcliffe,2011,Sunshine,335,335,100.0
Witchcliffe,2011,Evaporation,335,335,100.0
Witchcliffe,2011,Cloud9am,335,335,100.0
Witchcliffe,2011,Cloud3pm,335,335,100.0
Witchcliffe,2011,Pressure9am,335,131,39.1045
Witchcliffe,2011,Pressure3pm,335,132,39.403
Witchcliffe,2011,WindDir9am,335,16,4.7761
Witchcliffe,2011,WindGustDir,335,2,0.597
Witchcliffe,2011,WindGustSpeed,335,2,0.597
Witchcliffe,2012,Sunshine,335,335,100.0
Witchcliffe,2012,Evaporation,335,335,100.0
Witchcliffe,2012,Cloud9am,335,335,100.0
Witchcliffe,2012,Cloud3pm,335,335,100.0
Witchcliffe,2012,Pressure9am,335,0,0.0
Witchcliffe,2012,Pressure3pm,335,1,0.2985
Witchcliffe,2012,WindDir9am,335,22,6.5672
Witchcliffe,2012,WindGustDir,335,2,0.597
Witchcliffe,2012,WindGustSpeed,335,2,0.597
Witchcliffe,2013,Sunshine,337,337,100.0
Witchcliffe,2013,Evaporation,337,337,100.0
Witchcliffe,2013,Cloud9am,337,337,100.0
Witchcliffe,2013,Cloud3pm,337,337,100.0
Witchcliffe,2013,Pressure9am,337,0,0.0
Witchcliffe,2013,Pressure3pm,337,0,0.0
Witchcliffe,2013,WindDir9am,337,35,10.3858
Witchcliffe,2013,WindGustDir,337,0,0.0
Witchcliffe,2013,WindGustSpeed,337,0,0.0
Witchcliffe,2014,Sunshine,365,365,100.0
Witchcliffe,2014,Evaporation,365,365,100.0
Witchcliffe,2014,Cloud9am,365,365,100.0
Witchcliffe,2014,Cloud3pm,365,365,100.0
Witchcliffe,2014,Pressure9am,365,0,0.0
Witchcliffe,2014,Pressure3pm,365,0,0.0
Witchcliffe,2014,WindDir9am,365,25,6.8493
Witchcliffe,2014,WindGustDir,365,3,0.8219
Witchcliffe,2014,WindGustSpeed,365,3,0.8219
Witchcliffe,2015,Sunshine,365,365,100.0
Witchcliffe,2015,Evaporation,365,365,100.0
Witchcliffe,2015,Cloud9am,365,365,100.0
Witchcliffe,2015,Cloud3pm,365,365,100.0
Witchcliffe,2015,Pressure9am,365,0,0.0
Witchcliffe,2015,Pressure3pm,365,0,0.0
Witchcliffe,2015,WindDir9am,365,46,12.6027
Witchcliffe,2015,WindGustDir,365,7,1.9178
Witchcliffe,2015,WindGustSpeed,365,6,1.6438
Witchcliffe,2016,Sunshine,366,366,100.0
Witchcliffe,2016,Evaporation,366,366,100.0
Witchcliffe,2016,Cloud9am,366,366,100.0
Witchcliffe,2016,Cloud3pm,366,366,100.0
Witchcliffe,2016,Pressure9am,366,0,0.0
Witchcliffe,2016,Pressure3pm,366,0,0.0
Witchcliffe,2016,WindDir9am,366,23,6.2842
Witchcliffe,2016,WindGustDir,366,10,2.7322
Witchcliffe,2016,WindGustSpeed,366,10,2.7322
Witchcliffe,2017,Sunshine,176,176,100.0
Witchcliffe,2017,Evaporation,176,176,100.0
Witchcliffe,2017,Cloud9am,176,176,100.0
Witchcliffe,2017,Cloud3pm,176,176,100.0
Witchcliffe,2017,Pressure9am,176,0,0.0
Witchcliffe,2017,Pressure3pm,176,0,0.0
Witchcliffe,2017,WindDir9am,176,17,9.6591
Witchcliffe,2017,WindGustDir,176,0,0.0
Witchcliffe,2017,WindGustSpeed,176,0,0.0
Wollongong,2008,Sunshine,31,31,100.0
Wollongong,2008,Evaporation,31,31,100.0
Wollongong,2008,Cloud9am,31,17,54.8387
Wollongong,2008,Cloud3pm,31,14,45.1613
Wollongong,2008,Pressure9am,31,0,0.0
Wollongong,2008,Pressure3pm,31,0,0.0
Wollongong,2008,WindDir9am,31,3,9.6774
Wollongong,2008,WindGustDir,31,2,6.4516
Wollongong,2008,WindGustSpeed,31,2,6.4516
Wollongong,2009,Sunshine,365,365,100.0
Wollongong,2009,Evaporation,365,365,100.0
Wollongong,2009,Cloud9am,365,220,60.274
Wollongong,2009,Cloud3pm,365,207,56.7123
Wollongong,2009,Pressure9am,365,3,0.8219
Wollongong,2009,Pressure3pm,365,1,0.274
Wollongong,2009,WindDir9am,365,10,2.7397
Wollongong,2009,WindGustDir,365,2,0.5479
Wollongong,2009,WindGustSpeed,365,2,0.5479
Wollongong,2010,Sunshine,365,365,100.0
Wollongong,2010,Evaporation,365,365,100.0
Wollongong,2010,Cloud9am,365,203,55.6164
Wollongong,2010,Cloud3pm,365,185,50.6849
Wollongong,2010,Pressure9am,365,6,1.6438
Wollongong,2010,Pressure3pm,365,4,1.0959
Wollongong,2010,WindDir9am,365,39,10.6849
Wollongong,2010,WindGustDir,365,34,9.3151
Wollongong,2010,WindGustSpeed,365,34,9.3151
Wollongong,2011,Sunshine,335,335,100.0
Wollongong,2011,Evaporation,335,335,100.0
Wollongong,2011,Cloud9am,335,183,54.6269
Wollongong,2011,Cloud3pm,335,175,52.2388
Wollongong,2011,Pressure9am,335,31,9.2537
Wollongong,2011,Pressure3pm,335,12,3.5821
Wollongong,2011,WindDir9am,335,12,3.5821
Wollongong,2011,WindGustDir,335,0,0.0
Wollongong,2011,WindGustSpeed,335,0,0.0
Wollongong,2012,Sunshine,335,335,100.0
Wollongong,2012,Evaporation,335,335,100.0
Wollongong,2012,Cloud9am,335,209,62.3881
Wollongong,2012,Cloud3pm,335,207,61.791
Wollongong,2012,Pressure9am,335,0,0.0
Wollongong,2012,Pressure3pm,335,0,0.0
Wollongong,2012,WindDir9am,335,11,3.2836
Wollongong,2012,WindGustDir,335,3,0.8955
Wollongong,2012,WindGustSpeed,335,3,0.8955
Wollongong,2013,Sunshine,337,337,100.0
Wollongong,2013,Evaporation,337,337,100.0
Wollongong,2013,Cloud9am,337,223,66.1721
Wollongong,2013,Cloud3pm,337,219,64.9852
Wollongong,2013,Pressure9am,337,1,0.2967
Wollongong,2013,Pressure3pm,337,0,0.0
Wollongong,2013,WindDir9am,337,10,2.9674
Wollongong,2013,WindGustDir,337,0,0.0
Wollongong,2013,WindGustSpeed,337,0,0.0
Wollongong,2014,Sunshine,365,365,100.0
Wollongong,2014,Evaporation,365,365,100.0
Wollongong,2014,Cloud9am,365,219,60.0
Wollongong,2014,Cloud3pm,365,220,60.274
Wollongong,2014,Pressure9am,365,8,2.1918
Wollongong,2014,Pressure3pm,365,2,0.5479
Wollongong,2014,WindDir9am,365,12,3.2877
Wollongong,2014,WindGustDir,365,2,0.5479
Wollongong,2014,WindGustSpeed,365,2,0.5479
Wollongong,2015,Sunshine,365,365,100.0
Wollongong,2015,Evaporation,365,365,100.0
Wollongong,2015,Cloud9am,365,171,46.8493
Wollongong,2015,Cloud3pm,365,151,41.3699
Wollongong,2015,Pressure9am,365,1,0.274
Wollongong,2015,Pressure3pm,365,0,0.0
Wollongong,2015,WindDir9am,365,9,2.4658
Wollongong,2015,WindGustDir,365,2,0.5479
Wollongong,2015,WindGustSpeed,365,2,0.5479
Wollongong,2016,Sunshine,366,366,100.0
Wollongong,2016,Evaporation,366,366,100.0
Wollongong,2016,Cloud9am,366,181,49.4536
Wollongong,2016,Cloud3pm,366,172,46.9945
Wollongong,2016,Pressure9am,366,0,0.0
Wollongong,2016,Pressure3pm,366,0,0.0
Wollongong,2016,WindDir9am,366,9,2.459
Wollongong,2016,WindGustDir,366,2,0.5464
Wollongong,2016,WindGustSpeed,366,2,0.5464
Wollongong,2017,Sunshine,176,176,100.0
Wollongong,2017,Evaporation,176,176,100.0
Wollongong,2017,Cloud9am,176,69,39.2045
Wollongong,2017,Cloud3pm,176,73,41.4773
Wollongong,2017,Pressure9am,176,0,0.0
Wollongong,2017,Pressure3pm,176,0,0.0
Wollongong,2017,WindDir9am,176,10,5.6818
Wollongong,2017,WindGustDir,176,1,0.5682
Wollongong,2017,WindGustSpeed,176,1,0.5682
Woomera,2009,Sunshine,365,6,1.6438
Woomera,2009,Evaporation,365,3,0.8219
Woomera,2009,Cloud9am,365,2,0.5479
Woomera,2009,Cloud3pm,365,1,0.274
Woomera,2009,Pressure9am,365,0,0.0
Woomera,2009,Pressure3pm,365,0,0.0
Woomera,2009,WindDir9am,365,0,0.0
Woomera,2009,WindGustDir,365,6,1.6438
Woomera,2009,WindGustSpeed,365,6,1.6438
Woomera,2010,Sunshine,365,34,9.3151
Woomera,2010,Evaporation,365,25,6.8493
Woomera,2010,Cloud9am,365,23,6.3014
Woomera,2010,Cloud3pm,365,26,7.1233
Woomera,2010,Pressure9am,365,0,0.0
Woomera,2010,Pressure3pm,365,2,0.5479
Woomera,2010,WindDir9am,365,2,0.5479
Woomera,2010,WindGustDir,365,3,0.8219
Woomera,2010,WindGustSpeed,365,3,0.8219
Woomera,2011,Sunshine,335,47,14.0299
Woomera,2011,Evaporation,335,39,11.6418
Woomera,2011,Cloud9am,335,23,6.8657
Woomera,2011,Cloud3pm,335,32,9.5522
Woomera,2011,Pressure9am,335,8,2.3881
Woomera,2011,Pressure3pm,335,9,2.6866
Woomera,2011,WindDir9am,335,11,3.2836
Woomera,2011,WindGustDir,335,25,7.4627
Woomera,2011,WindGustSpeed,335,25,7.4627
Woomera,2012,Sunshine,335,103,30.7463
Woomera,2012,Evaporation,335,61,18.209
Woomera,2012,Cloud9am,335,45,13.4328
Woomera,2012,Cloud3pm,335,57,17.0149
Woomera,2012,Pressure9am,335,0,0.0
Woomera,2012,Pressure3pm,335,0,0.0
Woomera,2012,WindDir9am,335,2,0.597
Woomera,2012,WindGustDir,335,0,0.0
Woomera,2012,WindGustSpeed,335,0,0.0
Woomera,2013,Sunshine,337,96,28.4866
Woomera,2013,Evaporation,337,55,16.3205
Woomera,2013,Cloud9am,337,41,12.1662
Woomera,2013,Cloud3pm,337,61,18.1009
Woomera,2013,Pressure9am,337,1,0.2967
Woomera,2013,Pressure3pm,337,1,0.2967
Woomera,2013,WindDir9am,337,3,0.8902
Woomera,2013,WindGustDir,337,1,0.2967
Woomera,2013,WindGustSpeed,337,1,0.2967
Woomera,2014,Sunshine,365,178,48.7671
Woomera,2014,Evaporation,365,111,30.411
Woomera,2014,Cloud9am,365,93,25.4795
Woomera,2014,Cloud3pm,365,104,28.4932
Woomera,2014,Pressure9am,365,1,0.274
Woomera,2014,Pressure3pm,365,0,0.0
Woomera,2014,WindDir9am,365,4,1.0959
Woomera,2014,WindGustDir,365,1,0.274
Woomera,2014,WindGustSpeed,365,1,0.274
Woomera,2015,Sunshine,365,157,43.0137
Woomera,2015,Evaporation,365,94,25.7534
Woomera,2015,Cloud9am,365,77,21.0959
Woomera,2015,Cloud3pm,365,85,23.2877
Woomera,2015,Pressure9am,365,0,0.0
Woomera,2015,Pressure3pm,365,2,0.5479
Woomera,2015,WindDir9am,365,4,1.0959
Woomera,2015,WindGustDir,365,1,0.274
Woomera,2015,WindGustSpeed,365,1,0.274
Woomera,2016,Sunshine,366,213,58.1967
Woomera,2016,Evaporation,366,18,4.918
Woomera,2016,Cloud9am,366,52,14.2077
Woomera,2016,Cloud3pm,366,176,48.0874
Woomera,2016,Pressure9am,366,1,0.2732
Woomera,2016,Pressure3pm,366,0,0.0
Woomera,2016,WindDir9am,366,2,0.5464
Woomera,2016,WindGustDir,366,1,0.2732
Woomera,2016,WindGustSpeed,366,1,0.2732
Woomera,2017,Sunshine,176,168,95.4545
Woomera,2017,Evaporation,176,33,18.75
Woomera,2017,Cloud9am,176,18,10.2273
Woomera,2017,Cloud3pm,176,117,66.4773
Woomera,2017,Pressure9am,176,0,0.0
Woomera,2017,Pressure3pm,176,0,0.0
Woomera,2017,WindDir9am,176,1,0.5682
Woomera,2017,WindGustDir,176,1,0.5682
Woomera,2017,WindGustSpeed,176,1,0.5682
